axis,token,frequency
STOPWORD,%,0
STOPWORD,&,0
STOPWORD,+,0
STOPWORD,=,0
STOPWORD,a,0
STOPWORD,about,23
STOPWORD,above,0
STOPWORD,absolutely,0
STOPWORD,acclaimed,0
STOPWORD,across,0
STOPWORD,added,1284
STOPWORD,additionally,0
STOPWORD,adored,0
STOPWORD,adventure,37
STOPWORD,after,27
STOPWORD,afterwards,0
STOPWORD,ago,0
STOPWORD,ahead,2
STOPWORD,all,2932
STOPWORD,all-natural,0
STOPWORD,along,3
STOPWORD,already,1
STOPWORD,also,1
STOPWORD,although,0
STOPWORD,always,21
STOPWORD,amazing,84
STOPWORD,amazingly,1
STOPWORD,americas,1
STOPWORD,among,6
STOPWORD,amongst,0
STOPWORD,an,315
STOPWORD,and,19376
STOPWORD,any,11
STOPWORD,anybody,0
STOPWORD,anyone,0
STOPWORD,anything,9
STOPWORD,apparently,0
STOPWORD,appreciably,0
STOPWORD,appreciated,0
STOPWORD,approved,1
STOPWORD,around,13
STOPWORD,artisan,1249
STOPWORD,artisan-crafted,0
STOPWORD,artisan-made,0
STOPWORD,artisanal,209
STOPWORD,as,34
STOPWORD,assorted,3043
STOPWORD,assortment,529
STOPWORD,at,95
STOPWORD,audibly,0
STOPWORD,authentic,946
STOPWORD,award-winning,0
STOPWORD,back,254
STOPWORD,backward,0
STOPWORD,bag,1690
STOPWORD,bags,822
STOPWORD,baking,970
STOPWORD,based,2196
STOPWORD,basic,30
STOPWORD,batch-made,0
STOPWORD,beautiful,24
STOPWORD,beautifully,1
STOPWORD,because,0
STOPWORD,before,1
STOPWORD,beforehand,0
STOPWORD,behind,0
STOPWORD,beloved,0
STOPWORD,below,0
STOPWORD,beside,0
STOPWORD,besides,0
STOPWORD,best,238
STOPWORD,better,190
STOPWORD,better-tasting,0
STOPWORD,between,230
STOPWORD,beverage,3622
STOPWORD,beyond,82
STOPWORD,big,772
STOPWORD,biodegradable,9
STOPWORD,bitter,51
STOPWORD,blast,547
STOPWORD,bold,618
STOPWORD,both,6
STOPWORD,bottle,948
STOPWORD,bottles,203
STOPWORD,bottom,544
STOPWORD,box,632
STOPWORD,boxes,8
STOPWORD,brand,587
STOPWORD,brand-name,0
STOPWORD,brands,91
STOPWORD,bright,101
STOPWORD,but,44
STOPWORD,by,212
STOPWORD,can,1054
STOPWORD,cans,226
STOPWORD,carefully,2
STOPWORD,case,178
STOPWORD,cases,7
STOPWORD,celebrated,0
STOPWORD,certified,106
STOPWORD,chef,508
STOPWORD,chefs,9
STOPWORD,cherished,0
STOPWORD,chocolaty,658
STOPWORD,choice,635
STOPWORD,choices,12
STOPWORD,classic,6555
STOPWORD,clearly,9
STOPWORD,cm,0
STOPWORD,co,562
STOPWORD,cold,1872
STOPWORD,collection,335
STOPWORD,common,6
STOPWORD,complex,26
STOPWORD,compostable,0
STOPWORD,con,363
STOPWORD,considerably,0
STOPWORD,container,6
STOPWORD,containers,10
STOPWORD,contains,9
STOPWORD,cooking,1147
STOPWORD,corp,22
STOPWORD,corporation,32
STOPWORD,count,2040
STOPWORD,country,1467
STOPWORD,craft,243
STOPWORD,craft-brewed,0
STOPWORD,craft-made,0
STOPWORD,crafted,262
STOPWORD,crate,2
STOPWORD,crates,0
STOPWORD,crisp,1620
STOPWORD,crust,3033
STOPWORD,ct,608
STOPWORD,ct.,0
STOPWORD,cu,2
STOPWORD,cubic,0
STOPWORD,de,939
STOPWORD,decorated,425
STOPWORD,deep,340
STOPWORD,delicate,95
STOPWORD,delicious,717
STOPWORD,deliciously,86
STOPWORD,delightfully,10
STOPWORD,deluxe,1551
STOPWORD,desired,0
STOPWORD,distinctly,0
STOPWORD,domestic,13
STOPWORD,done,4
STOPWORD,double,2814
STOPWORD,downward,0
STOPWORD,dreamy,51
STOPWORD,dreamy-creamy,0
STOPWORD,drink,7319
STOPWORD,during,0
STOPWORD,ea,25
STOPWORD,ea.,0
STOPWORD,each,76
STOPWORD,each-other,0
STOPWORD,edition,174
STOPWORD,eight,16
STOPWORD,either,0
STOPWORD,el,390
STOPWORD,elaborate,0
STOPWORD,endlessly,0
STOPWORD,endorsed,0
STOPWORD,enjoy,49
STOPWORD,especially,1
STOPWORD,est,1
STOPWORD,established,0
STOPWORD,estate,18
STOPWORD,estate-bottled,0
STOPWORD,estate-grown,0
STOPWORD,ethically,0
STOPWORD,even,2
STOPWORD,even-though,0
STOPWORD,ever,16
STOPWORD,every,23
STOPWORD,everybody,3
STOPWORD,everyone,2
STOPWORD,everything,951
STOPWORD,evidently,0
STOPWORD,exceedingly,0
STOPWORD,exceptionally,0
STOPWORD,exclusive,18
STOPWORD,exclusively,0
STOPWORD,expertly,3
STOPWORD,export,11
STOPWORD,exported,0
STOPWORD,extra,5230
STOPWORD,extraordinary,6
STOPWORD,extras,0
STOPWORD,extremely,16
STOPWORD,faint,0
STOPWORD,fairly,0
STOPWORD,family,837
STOPWORD,familysize,0
STOPWORD,famous,248
STOPWORD,fancy,877
STOPWORD,far,17
STOPWORD,faraway,0
STOPWORD,farm,1176
STOPWORD,farms,965
STOPWORD,farthest,0
STOPWORD,fashion,79
STOPWORD,fashioned,1476
STOPWORD,favored,4
STOPWORD,favorite,60
STOPWORD,favorited,0
STOPWORD,favorites,169
STOPWORD,feed,14
STOPWORD,few,1
STOPWORD,finely,431
STOPWORD,finer,0
STOPWORD,finest,144
STOPWORD,five,400
STOPWORD,fl,1357
STOPWORD,flavor,4558
STOPWORD,flavors,406
STOPWORD,floz,41
STOPWORD,fluid,578
STOPWORD,foil,18
STOPWORD,food,2109
STOPWORD,foods,1964
STOPWORD,for,1051
STOPWORD,foreign,0
STOPWORD,forever,18
STOPWORD,formula,49
STOPWORD,forward,2
STOPWORD,four,1315
STOPWORD,free,9661
STOPWORD,fresh,3698
STOPWORD,fresh-baked,0
STOPWORD,fresh-cut,0
STOPWORD,fresh-from,0
STOPWORD,fresh-frozen,0
STOPWORD,fresh-ground,0
STOPWORD,fresh-made,0
STOPWORD,fresh-pressed,0
STOPWORD,fresh-roasted,0
STOPWORD,freshest,1
STOPWORD,freshly,348
STOPWORD,freshness,1
STOPWORD,from,2670
STOPWORD,from-scratch,0
STOPWORD,front,16
STOPWORD,fully,1337
STOPWORD,fun,257
STOPWORD,furthermore,0
STOPWORD,furthest,0
STOPWORD,g,0
STOPWORD,gal,63
STOPWORD,gal.,0
STOPWORD,gallon,73
STOPWORD,gallons,2
STOPWORD,garden,1222
STOPWORD,generally,0
STOPWORD,generic,0
STOPWORD,gently,23
STOPWORD,genuine,123
STOPWORD,giant,767
STOPWORD,glass,98
STOPWORD,global,28
STOPWORD,gluten,2490
STOPWORD,gmbh,2
STOPWORD,gms,0
STOPWORD,go,884
STOPWORD,go-to,0
STOPWORD,good,588
STOPWORD,gorgeous,3
STOPWORD,gorgeously,0
STOPWORD,goto,0
STOPWORD,gourmet,3660
STOPWORD,gr,287
STOPWORD,graded,0
STOPWORD,gram,22
STOPWORD,gramme,0
STOPWORD,grams,23
STOPWORD,great,514
STOPWORD,group,17
STOPWORD,groups,1
STOPWORD,gtin,0
STOPWORD,guilt-free,0
STOPWORD,guiltlessly,0
STOPWORD,guilty,0
STOPWORD,half,1732
STOPWORD,half-gallon,0
STOPWORD,hand,658
STOPWORD,hand-baked,0
STOPWORD,hand-chopped,0
STOPWORD,hand-crafted,0
STOPWORD,hand-cut,0
STOPWORD,hand-formed,0
STOPWORD,hand-made,0
STOPWORD,hand-mixed,0
STOPWORD,hand-picked,0
STOPWORD,hand-pressed,0
STOPWORD,hand-pulled,0
STOPWORD,hand-rolled,0
STOPWORD,hand-shaped,0
STOPWORD,hand-sliced,0
STOPWORD,hand-stretched,0
STOPWORD,hand-stuffed,0
STOPWORD,hand-tied,0
STOPWORD,hand-tossed,0
STOPWORD,hand-trimmed,0
STOPWORD,handcrafted,279
STOPWORD,handmade,297
STOPWORD,hard,1167
STOPWORD,harvest,1084
STOPWORD,hearty,621
STOPWORD,heavenly,94
STOPWORD,heavily,0
STOPWORD,heritage,118
STOPWORD,herself,0
STOPWORD,high,826
STOPWORD,high-rated,0
STOPWORD,himself,0
STOPWORD,holdings,1
STOPWORD,home,653
STOPWORD,homegrown,56
STOPWORD,homemade,425
STOPWORD,homestyle,2422
STOPWORD,hot,11098
STOPWORD,house,684
STOPWORD,how,6
STOPWORD,however,0
STOPWORD,howsoever,0
STOPWORD,hundred,0
STOPWORD,i,0
STOPWORD,if,48
STOPWORD,import,0
STOPWORD,imported,208
STOPWORD,imported-from,0
STOPWORD,in,13546
STOPWORD,in.,0
STOPWORD,inc,110
STOPWORD,inch,172
STOPWORD,inches,0
STOPWORD,includes,59
STOPWORD,inclusive,0
STOPWORD,incorporated,0
STOPWORD,incredible,17
STOPWORD,incredibly,3
STOPWORD,indeed,1
STOPWORD,indulgence,32
STOPWORD,indulgent,166
STOPWORD,inside,83
STOPWORD,inspired,526
STOPWORD,intense,188
STOPWORD,international,149
STOPWORD,into,50
STOPWORD,introducing,0
STOPWORD,inward,0
STOPWORD,its,32
STOPWORD,itself,3
STOPWORD,jumbo,1300
STOPWORD,just,288
STOPWORD,kellogg,1169
STOPWORD,kg,159
STOPWORD,l.l.c,0
STOPWORD,la,678
STOPWORD,large,1277
STOPWORD,later,10
STOPWORD,lb,543
STOPWORD,lb.,0
STOPWORD,lbs,215
STOPWORD,lbs.,0
STOPWORD,less,373
STOPWORD,limited,95
STOPWORD,limited-edition,0
STOPWORD,liter,54
STOPWORD,liters,30
STOPWORD,litre,7
STOPWORD,litres,0
STOPWORD,llc,27
STOPWORD,local,70
STOPWORD,locally,6
STOPWORD,locally-grown,0
STOPWORD,log,55
STOPWORD,logs,3
STOPWORD,loosely,0
STOPWORD,loved,1
STOPWORD,lovely,17
STOPWORD,low,6238
STOPWORD,ltd,28
STOPWORD,luscious,121
STOPWORD,m,0
STOPWORD,made,1530
STOPWORD,made-by,0
STOPWORD,made-fresh,0
STOPWORD,made-from,0
STOPWORD,made-in,0
STOPWORD,made-with,0
STOPWORD,mainly,0
STOPWORD,many,0
STOPWORD,markedly,0
STOPWORD,market,1089
STOPWORD,masterful,1
STOPWORD,masterfully,0
STOPWORD,masterpiece,22
STOPWORD,maxi,0
STOPWORD,maximum,11
STOPWORD,me,163
STOPWORD,medium,4122
STOPWORD,mega,281
STOPWORD,mellow,86
STOPWORD,micro-batch,0
STOPWORD,microbatch,0
STOPWORD,mid,13
STOPWORD,mid-size,0
STOPWORD,mid-sized,0
STOPWORD,mid-strength,0
STOPWORD,mild,6252
STOPWORD,mililiter,0
STOPWORD,million,5
STOPWORD,mindfully,0
STOPWORD,mini,5951
STOPWORD,miniature,105
STOPWORD,minimum,24
STOPWORD,ml,103
STOPWORD,ml.,0
STOPWORD,mm,7
STOPWORD,moderate,0
STOPWORD,moderately,1
STOPWORD,more,207
STOPWORD,moreover,0
STOPWORD,most,16
STOPWORD,mostly,4
STOPWORD,much,1
STOPWORD,my,188
STOPWORD,name,48
STOPWORD,name-brand,0
STOPWORD,namebrand,0
STOPWORD,nation,18
STOPWORD,national,39
STOPWORD,nationwide,0
STOPWORD,nature,856
STOPWORD,near,34
STOPWORD,nearby,0
STOPWORD,nearest,0
STOPWORD,neither,0
STOPWORD,net,128
STOPWORD,never,4
STOPWORD,nevertheless,0
STOPWORD,new,1499
STOPWORD,nine,20
STOPWORD,no,2681
STOPWORD,no-one,0
STOPWORD,no-sugar,0
STOPWORD,nobody,0
STOPWORD,non,3920
STOPWORD,non-gmo,0
STOPWORD,none,2
STOPWORD,nonetheless,0
STOPWORD,nor,5
STOPWORD,not,169
STOPWORD,notably,0
STOPWORD,nothing,3
STOPWORD,noticeably,0
STOPWORD,now,18
STOPWORD,nowadays,0
STOPWORD,nuanced,0
STOPWORD,nutrition,808
STOPWORD,nutritional,356
STOPWORD,nutritionally,4
STOPWORD,nutritious,36
STOPWORD,obviously,0
STOPWORD,of,6196
STOPWORD,often,0
STOPWORD,old,2097
STOPWORD,oldfashioned,2
STOPWORD,on,2670
STOPWORD,one,508
STOPWORD,one-another,0
STOPWORD,oneself,0
STOPWORD,only,20
STOPWORD,onto,1
STOPWORD,options,7
STOPWORD,or,267
STOPWORD,ordinary,0
STOPWORD,ornate,0
STOPWORD,ostensibly,0
STOPWORD,otherwise,0
STOPWORD,ounce,1540
STOPWORD,ounce.,0
STOPWORD,ounces,79
STOPWORD,our,251
STOPWORD,ourselves,0
STOPWORD,out-of,0
STOPWORD,outside,26
STOPWORD,outward,0
STOPWORD,over,341
STOPWORD,own,131
STOPWORD,ownerbrand,0
STOPWORD,oz,13882
STOPWORD,oz.,0
STOPWORD,ozs,7
STOPWORD,ozs.,0
STOPWORD,pack,2273
STOPWORD,package,8
STOPWORD,packages,2
STOPWORD,packed,273
STOPWORD,packet,102
STOPWORD,packets,309
STOPWORD,packs,353
STOPWORD,palpably,0
STOPWORD,partially,35
STOPWORD,particularly,0
STOPWORD,party,795
STOPWORD,pcs,5
STOPWORD,perfect,218
STOPWORD,piece,31
STOPWORD,pieces,2806
STOPWORD,pint,24
STOPWORD,pints,1
STOPWORD,pkg,16
STOPWORD,plain,2463
STOPWORD,plainly,0
STOPWORD,plastic,638
STOPWORD,plc,0
STOPWORD,plus,327
STOPWORD,positively,5
STOPWORD,pound,403
STOPWORD,pounds,1
STOPWORD,preferred,17
STOPWORD,premium,8682
STOPWORD,private,56
STOPWORD,prized,0
STOPWORD,product,3229
STOPWORD,proposed,0
STOPWORD,pt,19
STOPWORD,public,0
STOPWORD,pure,3221
STOPWORD,purest,1
STOPWORD,purpose,826
STOPWORD,qt,8
STOPWORD,qts,0
STOPWORD,qty,2
STOPWORD,qualified,0
STOPWORD,quality,461
STOPWORD,quart,7
STOPWORD,quarter,42
STOPWORD,quarts,2
STOPWORD,quick,551
STOPWORD,quite,1
STOPWORD,ranch,4006
STOPWORD,ranked,0
STOPWORD,rare,9
STOPWORD,rarely,0
STOPWORD,rated,0
STOPWORD,rather,0
STOPWORD,real,2716
STOPWORD,really,45
STOPWORD,recently,0
STOPWORD,recipe,1305
STOPWORD,recipes,35
STOPWORD,recognized,0
STOPWORD,recommended,9
STOPWORD,recyclable,4
STOPWORD,reduced,2705
STOPWORD,regional,9
STOPWORD,release,12
STOPWORD,released,0
STOPWORD,remarkably,0
STOPWORD,resealable,46
STOPWORD,respected,0
STOPWORD,responsibly,0
STOPWORD,responsibly-sourced,0
STOPWORD,restaurant,676
STOPWORD,rich,2129
STOPWORD,right-from,0
STOPWORD,robust,157
STOPWORD,roll,1591
STOPWORD,rolls,2464
STOPWORD,roughly,0
STOPWORD,sachet,3
STOPWORD,sachets,55
STOPWORD,salty,1118
STOPWORD,savory,1537
STOPWORD,sealable,2
STOPWORD,seasonal,135
STOPWORD,secret,87
STOPWORD,seemingly,0
STOPWORD,seldom,0
STOPWORD,select,553
STOPWORD,selection,103
STOPWORD,selective,0
STOPWORD,self,201
STOPWORD,selling,0
STOPWORD,serve,665
STOPWORD,served,143
STOPWORD,serves,1
STOPWORD,serving,88
STOPWORD,servings,7
STOPWORD,seven,65
STOPWORD,several,0
STOPWORD,sharingsize,0
STOPWORD,side,218
STOPWORD,sides,125
STOPWORD,sideways,0
STOPWORD,signature,577
STOPWORD,significantly,0
STOPWORD,simple,336
STOPWORD,simply,979
STOPWORD,sin,8
STOPWORD,since,5
STOPWORD,sinful,4
STOPWORD,sinfully,15
STOPWORD,single,359
STOPWORD,single-batch,0
STOPWORD,single-estate,0
STOPWORD,single-origin,0
STOPWORD,single-source,0
STOPWORD,six,82
STOPWORD,size,1413
STOPWORD,sizes,4
STOPWORD,sku,0
STOPWORD,slice,228
STOPWORD,slices,2884
STOPWORD,slightly,73
STOPWORD,small,1102
STOPWORD,small-batch,0
STOPWORD,small-batch-crafted,0
STOPWORD,small-farm,0
STOPWORD,snackables,7
STOPWORD,so,146
STOPWORD,soft,3641
STOPWORD,some,47
STOPWORD,somebody,0
STOPWORD,someone,0
STOPWORD,something,7
STOPWORD,sometimes,0
STOPWORD,soon,13
STOPWORD,sought,0
STOPWORD,sour,5855
STOPWORD,special,627
STOPWORD,specialedition,0
STOPWORD,specially,14
STOPWORD,specialties,22
STOPWORD,specialty,464
STOPWORD,specifically,0
STOPWORD,spicy,7535
STOPWORD,sq,6
STOPWORD,square,154
STOPWORD,stick,1024
STOPWORD,sticks,3050
STOPWORD,still,15
STOPWORD,storebrand,0
STOPWORD,straight,146
STOPWORD,straight-from,0
STOPWORD,straightforward,0
STOPWORD,strikingly,0
STOPWORD,strong,81
STOPWORD,stunning,0
STOPWORD,style,17366
STOPWORD,substantially,0
STOPWORD,subtle,7
STOPWORD,suggested,0
STOPWORD,super,1696
STOPWORD,supreme,873
STOPWORD,sustainably,6
STOPWORD,sustainably-sourced,0
STOPWORD,sweet,15805
STOPWORD,sz,12
STOPWORD,tangibly,0
STOPWORD,tangy,1022
STOPWORD,tart,720
STOPWORD,taste,252
STOPWORD,tastes,5
STOPWORD,tasting,79
STOPWORD,tasty,233
STOPWORD,tbsp,0
STOPWORD,ten,14
STOPWORD,that,58
STOPWORD,the,4309
STOPWORD,themselves,0
STOPWORD,then,12
STOPWORD,these,3
STOPWORD,thick,1442
STOPWORD,thin,2648
STOPWORD,thirst,521
STOPWORD,this,21
STOPWORD,those,1
STOPWORD,though,3
STOPWORD,thoughtfully,2
STOPWORD,thousand,252
STOPWORD,three,1241
STOPWORD,through,3
STOPWORD,throughout,10
STOPWORD,tightly,1
STOPWORD,till,0
STOPWORD,to,968
STOPWORD,today,7
STOPWORD,tomorrow,0
STOPWORD,top,667
STOPWORD,top-rated,0
STOPWORD,total,64
STOPWORD,toward,0
STOPWORD,towards,2
STOPWORD,traditional,2902
STOPWORD,treasured,8
STOPWORD,treat,376
STOPWORD,treats,594
STOPWORD,triple,1505
STOPWORD,true,125
STOPWORD,truly,40
STOPWORD,trusted,6
STOPWORD,tsp,0
STOPWORD,twin,156
STOPWORD,two,322
STOPWORD,typically,0
STOPWORD,ultra,750
STOPWORD,umami,65
STOPWORD,uncommon,3
STOPWORD,under,19
STOPWORD,unique,26
STOPWORD,uniquely,7
STOPWORD,unit,5
STOPWORD,units,0
STOPWORD,universal,20
STOPWORD,universe,1
STOPWORD,unless,0
STOPWORD,until,3
STOPWORD,unto,0
STOPWORD,upc,0
STOPWORD,upon,2
STOPWORD,upward,0
STOPWORD,us,54
STOPWORD,usa,47
STOPWORD,usually,0
STOPWORD,valued,114
STOPWORD,varieties,12
STOPWORD,variety,521
STOPWORD,very,621
STOPWORD,village,83
STOPWORD,visibly,0
STOPWORD,wanted,10
STOPWORD,warm,58
STOPWORD,we,6
STOPWORD,weak,0
STOPWORD,weight,59
STOPWORD,well,60
STOPWORD,well-known,0
STOPWORD,what,17
STOPWORD,whatever,2
STOPWORD,when,1
STOPWORD,whenever,5
STOPWORD,where,2
STOPWORD,whereas,0
STOPWORD,wherever,0
STOPWORD,which,1
STOPWORD,whichever,0
STOPWORD,while,11
STOPWORD,who,9
STOPWORD,whoever,0
STOPWORD,whom,0
STOPWORD,whose,0
STOPWORD,why,0
STOPWORD,with,42498
STOPWORD,within,1
STOPWORD,without,92
STOPWORD,wonderful,26
STOPWORD,wonderfully,1
STOPWORD,world,264
STOPWORD,worldwide,0
STOPWORD,wt,85
STOPWORD,xtra,84
STOPWORD,y,0
STOPWORD,yesterday,0
STOPWORD,yet,31
STOPWORD,you,139
STOPWORD,your,92
STOPWORD,yourself,5
STOPWORD,yourselves,0
STOPWORD,yourway,0
STOPWORD,yum,140
STOPWORD,yummy,76
STOPWORD,zero,1494
STOPWORD,zip,6
STOPWORD,zipper,12
BRAND_NOISE,365,0
BRAND_NOISE,adams,23
BRAND_NOISE,albertsons,0
BRAND_NOISE,aldi,2
BRAND_NOISE,almondjoy,0
BRAND_NOISE,amy,24
BRAND_NOISE,annie,392
BRAND_NOISE,annies,45
BRAND_NOISE,aquafina,3
BRAND_NOISE,arizona,77
BRAND_NOISE,beam,8
BRAND_NOISE,ben,41
BRAND_NOISE,benjerry,0
BRAND_NOISE,betty,393
BRAND_NOISE,beyond,82
BRAND_NOISE,birdseye,0
BRAND_NOISE,boca,0
BRAND_NOISE,bodyarmor,0
BRAND_NOISE,boll,0
BRAND_NOISE,bounty,15
BRAND_NOISE,boursin,9
BRAND_NOISE,breeze,49
BRAND_NOISE,breitsamer,0
BRAND_NOISE,brewdr,0
BRAND_NOISE,budweiser,0
BRAND_NOISE,butterfinger,42
BRAND_NOISE,cabot,43
BRAND_NOISE,cadbury,369
BRAND_NOISE,califia,11
BRAND_NOISE,campbell,727
BRAND_NOISE,campbells,0
BRAND_NOISE,captain,54
BRAND_NOISE,celcius,0
BRAND_NOISE,celestial,38
BRAND_NOISE,celsius,0
BRAND_NOISE,cheerios,203
BRAND_NOISE,chex,225
BRAND_NOISE,chimes,0
BRAND_NOISE,chiquita,1
BRAND_NOISE,chobani,4
BRAND_NOISE,clif,24
BRAND_NOISE,clubs,0
BRAND_NOISE,coca,101
BRAND_NOISE,cocacola,0
BRAND_NOISE,cokie,0
BRAND_NOISE,cola,1515
BRAND_NOISE,coors,0
BRAND_NOISE,corona,4
BRAND_NOISE,costco,0
BRAND_NOISE,cow,135
BRAND_NOISE,crocker,386
BRAND_NOISE,crunchberries,0
BRAND_NOISE,crunchberry,0
BRAND_NOISE,crush,112
BRAND_NOISE,daiya,0
BRAND_NOISE,daniel,33
BRAND_NOISE,daniels,0
BRAND_NOISE,dasani,23
BRAND_NOISE,dazs,31
BRAND_NOISE,delight,611
BRAND_NOISE,delmonte,1
BRAND_NOISE,dew,100
BRAND_NOISE,diamond,66
BRAND_NOISE,diet,1405
BRAND_NOISE,dole,32
BRAND_NOISE,dr,260
BRAND_NOISE,dreyer,0
BRAND_NOISE,drpepper,0
BRAND_NOISE,edy,11
BRAND_NOISE,entenmann,18
BRAND_NOISE,evian,0
BRAND_NOISE,fage,1
BRAND_NOISE,fanta,79
BRAND_NOISE,ferrara,7
BRAND_NOISE,ferrero,22
BRAND_NOISE,fiji,1
BRAND_NOISE,finlandia,4
BRAND_NOISE,follow,17
BRAND_NOISE,food,2109
BRAND_NOISE,froot,75
BRAND_NOISE,fruitloops,0
BRAND_NOISE,fuze,13
BRAND_NOISE,gardein,11
BRAND_NOISE,gatorade,201
BRAND_NOISE,generalmills,0
BRAND_NOISE,giant,767
BRAND_NOISE,ginginsuave,0
BRAND_NOISE,glaceau,7
BRAND_NOISE,gold,1206
BRAND_NOISE,goose,7
BRAND_NOISE,graeter,5
BRAND_NOISE,greengiant,0
BRAND_NOISE,greenpea,0
BRAND_NOISE,gt,12
BRAND_NOISE,gtsynergy,0
BRAND_NOISE,haagen,31
BRAND_NOISE,haagendazs,0
BRAND_NOISE,hannaford,328
BRAND_NOISE,hard,1167
BRAND_NOISE,healthade,0
BRAND_NOISE,heb,0
BRAND_NOISE,heineken,0
BRAND_NOISE,heinz,32
BRAND_NOISE,heluva,5
BRAND_NOISE,hershey,140
BRAND_NOISE,hidden,82
BRAND_NOISE,hiddenvalley,0
BRAND_NOISE,hill,101
BRAND_NOISE,honest,44
BRAND_NOISE,hood,6
BRAND_NOISE,horizon,27
BRAND_NOISE,hostess,28
BRAND_NOISE,hyvee,0
BRAND_NOISE,imperial,45
BRAND_NOISE,impossible,11
BRAND_NOISE,jack,5083
BRAND_NOISE,jerry,10
BRAND_NOISE,jerrys,2
BRAND_NOISE,jim,166
BRAND_NOISE,joe,389
BRAND_NOISE,joes,14
BRAND_NOISE,joy,80
BRAND_NOISE,juicy,318
BRAND_NOISE,junior,66
BRAND_NOISE,kashi,177
BRAND_NOISE,kellogg,1169
BRAND_NOISE,kelloggs,0
BRAND_NOISE,kellogs,0
BRAND_NOISE,kind,41
BRAND_NOISE,kitkat,15
BRAND_NOISE,kraft,58
BRAND_NOISE,kroger,799
BRAND_NOISE,lake,98
BRAND_NOISE,lakes,73
BRAND_NOISE,land,58
BRAND_NOISE,landolake,0
BRAND_NOISE,landolakers,0
BRAND_NOISE,landolakes,0
BRAND_NOISE,larabar,161
BRAND_NOISE,laughing,10
BRAND_NOISE,laughingcow,0
BRAND_NOISE,lee,90
BRAND_NOISE,lion,509
BRAND_NOISE,lipton,30
BRAND_NOISE,liptons,0
BRAND_NOISE,liquid,892
BRAND_NOISE,liquidiv,0
BRAND_NOISE,loops,80
BRAND_NOISE,luna,9
BRAND_NOISE,m&m,0
BRAND_NOISE,mars,19
BRAND_NOISE,mccain,1
BRAND_NOISE,michelob,0
BRAND_NOISE,mike,45
BRAND_NOISE,miller,17
BRAND_NOISE,mints,682
BRAND_NOISE,miyoko,2
BRAND_NOISE,mmm,12
BRAND_NOISE,mochi,178
BRAND_NOISE,modelo,0
BRAND_NOISE,mondelez,1
BRAND_NOISE,mondelēz,0
BRAND_NOISE,monster,405
BRAND_NOISE,morningstar,98
BRAND_NOISE,mott,64
BRAND_NOISE,motts,4
BRAND_NOISE,mounds,3
BRAND_NOISE,mountaindew,0
BRAND_NOISE,mr,57
BRAND_NOISE,mrs,175
BRAND_NOISE,nabisco,428
BRAND_NOISE,naked,219
BRAND_NOISE,nature,856
BRAND_NOISE,naturevalley,0
BRAND_NOISE,nestea,5
BRAND_NOISE,nestle,113
BRAND_NOISE,nestleusa,0
BRAND_NOISE,nuun,4
BRAND_NOISE,oats,2172
BRAND_NOISE,ocean,212
BRAND_NOISE,ocean-spray,0
BRAND_NOISE,oikos,64
BRAND_NOISE,oreida,0
BRAND_NOISE,oreo,475
BRAND_NOISE,organic,23364
BRAND_NOISE,pabst,1
BRAND_NOISE,peak,58
BRAND_NOISE,peaks,18
BRAND_NOISE,pepper,8268
BRAND_NOISE,pepperidge,413
BRAND_NOISE,pepperidgefarm,0
BRAND_NOISE,peppermint,3440
BRAND_NOISE,pepsi,64
BRAND_NOISE,pepsico,0
BRAND_NOISE,philadelphia,73
BRAND_NOISE,pillsbury,509
BRAND_NOISE,plugras,0
BRAND_NOISE,poland,5
BRAND_NOISE,polandspring,0
BRAND_NOISE,post,26
BRAND_NOISE,powerade,9
BRAND_NOISE,poweraid,0
BRAND_NOISE,president,27
BRAND_NOISE,prime,202
BRAND_NOISE,publix,50
BRAND_NOISE,quaker,246
BRAND_NOISE,quest,9
BRAND_NOISE,red-bull,0
BRAND_NOISE,redbull,0
BRAND_NOISE,reese,208
BRAND_NOISE,reeses,13
BRAND_NOISE,rockstar,27
BRAND_NOISE,rolo,15
BRAND_NOISE,roundy,697
BRAND_NOISE,rxbar,1
BRAND_NOISE,safeway,28
BRAND_NOISE,sam,65
BRAND_NOISE,samadams,0
BRAND_NOISE,sams,0
BRAND_NOISE,sara,34
BRAND_NOISE,saralee,0
BRAND_NOISE,sargento,34
BRAND_NOISE,seasonings,315
BRAND_NOISE,shop,183
BRAND_NOISE,shoprite,564
BRAND_NOISE,siggi,2
BRAND_NOISE,silk,174
BRAND_NOISE,slim,208
BRAND_NOISE,slimjim,0
BRAND_NOISE,smart,375
BRAND_NOISE,smartwater,3
BRAND_NOISE,snapple,33
BRAND_NOISE,snickers,58
BRAND_NOISE,spartan,652
BRAND_NOISE,spray,663
BRAND_NOISE,spring,1816
BRAND_NOISE,sprite,49
BRAND_NOISE,stop,21
BRAND_NOISE,suja,24
BRAND_NOISE,sunkist,78
BRAND_NOISE,sunny,127
BRAND_NOISE,sunnyd,2
BRAND_NOISE,synergy,17
BRAND_NOISE,talenti,11
BRAND_NOISE,target,69
BRAND_NOISE,tecate,0
BRAND_NOISE,tillamook,53
BRAND_NOISE,trader,172
BRAND_NOISE,turkey,5341
BRAND_NOISE,twining,0
BRAND_NOISE,twinings,1
BRAND_NOISE,twix,26
BRAND_NOISE,tyson,396
BRAND_NOISE,unilever,0
BRAND_NOISE,valley,776
BRAND_NOISE,violife,2
BRAND_NOISE,vitaminwater,2
BRAND_NOISE,walmart,1
BRAND_NOISE,wegmans,269
BRAND_NOISE,weis,521
BRAND_NOISE,welch,222
BRAND_NOISE,welchs,2
BRAND_NOISE,wheaties,5
BRAND_NOISE,whole,12601
BRAND_NOISE,yogi,6
BRAND_NOISE,yoplait,292
BRAND_NOISE,york,751
BRAND_NOISE,yourheart,0
BRAND_NOISE,yuengling,17
STORAGE,alkaline,155
STORAGE,ambient,5
STORAGE,artesian,77
STORAGE,asep,32
STORAGE,aseptic,6
STORAGE,aseptically,0
STORAGE,bagged,1
STORAGE,bottled,4
STORAGE,boxed,12
STORAGE,brew,952
STORAGE,brined,11
STORAGE,canned,152
STORAGE,carbonated,267
STORAGE,chilled,194
STORAGE,cold,1872
STORAGE,condensed,1225
STORAGE,cured,546
STORAGE,dehydrated,46
STORAGE,distilled,349
STORAGE,dried,3803
STORAGE,dry,1992
STORAGE,electrolyte,600
STORAGE,evaporated,183
STORAGE,fermented,190
STORAGE,filtered,137
STORAGE,flash,19
STORAGE,flat,178
STORAGE,freeze,538
STORAGE,freezedried,3
STORAGE,fresh,3698
STORAGE,frozen,4538
STORAGE,heatandserve,0
STORAGE,heavy,960
STORAGE,homogenized,41
STORAGE,hot,11098
STORAGE,individually,338
STORAGE,infused,875
STORAGE,instant,2281
STORAGE,iqf,142
STORAGE,jarred,0
STORAGE,light,5755
STORAGE,liquid,892
STORAGE,microwavable,143
STORAGE,microwave,624
STORAGE,microwaveable,109
STORAGE,mineral,342
STORAGE,moisture,960
STORAGE,mountain,737
STORAGE,ovenready,0
STORAGE,packaged,6
STORAGE,packed,273
STORAGE,pasteurized,1133
STORAGE,pickled,772
STORAGE,prepackaged,0
STORAGE,preserved,18
STORAGE,pressed,850
STORAGE,purified,233
STORAGE,refrigerated,30
STORAGE,salted,8210
STORAGE,sealed,4
STORAGE,shelf,65
STORAGE,shelfstable,0
STORAGE,smoked,7888
STORAGE,sparkling,4976
STORAGE,spring,1816
STORAGE,stable,27
STORAGE,still,15
STORAGE,toaster,708
STORAGE,uht,4
STORAGE,ultrapasteurized,0
STORAGE,uncured,2623
STORAGE,unhomogenized,0
STORAGE,unpasteurized,11
STORAGE,upht,0
STORAGE,vacuum,38
STORAGE,warm,58
STORAGE,wrapped,941
PREPARATION_STATE,applewood,797
PREPARATION_STATE,bake,828
PREPARATION_STATE,baked,4407
PREPARATION_STATE,batterdipped,0
PREPARATION_STATE,battered,285
PREPARATION_STATE,beech-smoked,0
PREPARATION_STATE,blackened,151
PREPARATION_STATE,boiled,146
PREPARATION_STATE,bonein,0
PREPARATION_STATE,boneless,1284
PREPARATION_STATE,braised,94
PREPARATION_STATE,breaded,1720
PREPARATION_STATE,brewed,388
PREPARATION_STATE,brined,11
PREPARATION_STATE,buttery,864
PREPARATION_STATE,candied,185
PREPARATION_STATE,caramelized,493
PREPARATION_STATE,charbroiled,38
PREPARATION_STATE,charcoal,26
PREPARATION_STATE,charred,28
PREPARATION_STATE,cherrywood,71
PREPARATION_STATE,chewy,2409
PREPARATION_STATE,chocolatecovered,0
PREPARATION_STATE,chocolatey,1001
PREPARATION_STATE,chunked,10
PREPARATION_STATE,chunky,1910
PREPARATION_STATE,coated,1079
PREPARATION_STATE,cold-smoked,0
PREPARATION_STATE,cooked,3687
PREPARATION_STATE,covered,2489
PREPARATION_STATE,creamy,8146
PREPARATION_STATE,crisp,1620
PREPARATION_STATE,crispy,3819
PREPARATION_STATE,crockpot,3
PREPARATION_STATE,crumbly,6
PREPARATION_STATE,crunchy,3936
PREPARATION_STATE,crusty,27
PREPARATION_STATE,cultured,698
PREPARATION_STATE,cured,546
PREPARATION_STATE,deepfried,0
PREPARATION_STATE,deveined,413
PREPARATION_STATE,diced,2616
PREPARATION_STATE,dipped,1249
PREPARATION_STATE,double-smoked,0
PREPARATION_STATE,double-stuffed,0
PREPARATION_STATE,extra,5230
PREPARATION_STATE,extra-stuffed,0
PREPARATION_STATE,fermented,190
PREPARATION_STATE,filled,2569
PREPARATION_STATE,firebaked,0
PREPARATION_STATE,fired,185
PREPARATION_STATE,firedried,0
PREPARATION_STATE,firegrilled,0
PREPARATION_STATE,firetoasted,0
PREPARATION_STATE,flaky,325
PREPARATION_STATE,flame,263
PREPARATION_STATE,flame-grilled,0
PREPARATION_STATE,fluffy,177
PREPARATION_STATE,fried,1602
PREPARATION_STATE,frosted,3049
PREPARATION_STATE,fully,1337
PREPARATION_STATE,glazed,1196
PREPARATION_STATE,gooey,108
PREPARATION_STATE,grill,204
PREPARATION_STATE,grilled,1548
PREPARATION_STATE,ground,2250
PREPARATION_STATE,hard,1167
PREPARATION_STATE,hardboiled,0
PREPARATION_STATE,hardened,2
PREPARATION_STATE,hardwood,843
PREPARATION_STATE,hatched,0
PREPARATION_STATE,heat,531
PREPARATION_STATE,heatable,0
PREPARATION_STATE,herbed,70
PREPARATION_STATE,hickorywood,0
PREPARATION_STATE,honeyed,1
PREPARATION_STATE,hot-smoked,0
PREPARATION_STATE,iced,2705
PREPARATION_STATE,juicy,318
PREPARATION_STATE,kettle,2433
PREPARATION_STATE,laminated,0
PREPARATION_STATE,layered,465
PREPARATION_STATE,leavened,3
PREPARATION_STATE,loaded,516
PREPARATION_STATE,marinated,603
PREPARATION_STATE,melty,35
PREPARATION_STATE,mesquite,615
PREPARATION_STATE,microwave,624
PREPARATION_STATE,microwaveable,109
PREPARATION_STATE,moist,240
PREPARATION_STATE,oak-smoked,0
PREPARATION_STATE,oldfashion,1
PREPARATION_STATE,oldfashioned,2
PREPARATION_STATE,oven,1534
PREPARATION_STATE,oven-roasted,0
PREPARATION_STATE,ovenready,0
PREPARATION_STATE,overripe,0
PREPARATION_STATE,pan-fried,0
PREPARATION_STATE,panfried,0
PREPARATION_STATE,panko,397
PREPARATION_STATE,parbaked,30
PREPARATION_STATE,parboiled,101
PREPARATION_STATE,partially,35
PREPARATION_STATE,peel,285
PREPARATION_STATE,peeled,1106
PREPARATION_STATE,peppered,509
PREPARATION_STATE,poached,1
PREPARATION_STATE,powdered,532
PREPARATION_STATE,pre,483
PREPARATION_STATE,prebaked,4
PREPARATION_STATE,preboiled,0
PREPARATION_STATE,precooked,128
PREPARATION_STATE,precut,6
PREPARATION_STATE,preformed,1
PREPARATION_STATE,preheated,0
PREPARATION_STATE,prepared,367
PREPARATION_STATE,preroasted,0
PREPARATION_STATE,presliced,12
PREPARATION_STATE,pressure,12
PREPARATION_STATE,process,503
PREPARATION_STATE,processed,97
PREPARATION_STATE,proofed,3
PREPARATION_STATE,quick,551
PREPARATION_STATE,quickcook,0
PREPARATION_STATE,raw,2945
PREPARATION_STATE,ready,815
PREPARATION_STATE,refried,539
PREPARATION_STATE,ripe,538
PREPARATION_STATE,ripened,290
PREPARATION_STATE,ripens,0
PREPARATION_STATE,risen,0
PREPARATION_STATE,roasted,15078
PREPARATION_STATE,rolled,556
PREPARATION_STATE,salted,8210
PREPARATION_STATE,sauteed,81
PREPARATION_STATE,seared,75
PREPARATION_STATE,seasoned,4625
PREPARATION_STATE,seedless,384
PREPARATION_STATE,servable,0
PREPARATION_STATE,shallow,0
PREPARATION_STATE,shaped,555
PREPARATION_STATE,shelled,274
PREPARATION_STATE,shredded,3138
PREPARATION_STATE,skinless,817
PREPARATION_STATE,skinon,1
PREPARATION_STATE,sliced,5688
PREPARATION_STATE,slow,489
PREPARATION_STATE,slow-baked,0
PREPARATION_STATE,slow-cooked,0
PREPARATION_STATE,slow-roasted,0
PREPARATION_STATE,slowsmoked,0
PREPARATION_STATE,smoke,766
PREPARATION_STATE,smoked,7888
PREPARATION_STATE,smooth,919
PREPARATION_STATE,smoothed,0
PREPARATION_STATE,soft,3641
PREPARATION_STATE,softboiled,0
PREPARATION_STATE,softened,0
PREPARATION_STATE,sourdough,874
PREPARATION_STATE,spiced,833
PREPARATION_STATE,splash,332
PREPARATION_STATE,splatter,1
PREPARATION_STATE,steamed,116
PREPARATION_STATE,stir,870
PREPARATION_STATE,stir-fry,0
PREPARATION_STATE,stirfried,0
PREPARATION_STATE,strained,411
PREPARATION_STATE,stuffed,2103
PREPARATION_STATE,sugared,71
PREPARATION_STATE,sun,959
PREPARATION_STATE,sundried,242
PREPARATION_STATE,swirl,2030
PREPARATION_STATE,swirled,319
PREPARATION_STATE,thick,1442
PREPARATION_STATE,thin,2648
PREPARATION_STATE,toasted,2347
PREPARATION_STATE,toaster,708
PREPARATION_STATE,toasterpastry,0
PREPARATION_STATE,topped,1438
PREPARATION_STATE,trimmed,35
PREPARATION_STATE,unbrewed,0
PREPARATION_STATE,uncooked,266
PREPARATION_STATE,unleavened,0
PREPARATION_STATE,unripe,0
PREPARATION_STATE,unrisen,0
PREPARATION_STATE,unsalted,1909
PREPARATION_STATE,unshelled,2
PREPARATION_STATE,warmed,0
PREPARATION_STATE,whipped,1116
PREPARATION_STATE,wood-fired,0
PREPARATION_STATE,woodfired,12
PREPARATION_STATE,woodsmoked,0
PREPARATION_STATE,yeasted,0
PREPARATION_STATE,yogurtcovered,0
CUT,animal-shaped,0
CUT,batons,0
CUT,bell,966
CUT,bite,890
CUT,bitesized,0
CUT,bits,603
CUT,block,44
CUT,blocks,20
CUT,bone,728
CUT,bonein,0
CUT,boneless,1284
CUT,bones,49
CUT,breast,3731
CUT,breasts,265
CUT,brick,89
CUT,bricks,1
CUT,brisket,235
CUT,butterflied,5
CUT,butterfly,124
CUT,center,612
CUT,chop,171
CUT,chopped,1497
CUT,chops,94
CUT,chunk,1907
CUT,chunked,10
CUT,chunks,1256
CUT,chunky,1910
CUT,cored,8
CUT,cracked,819
CUT,crinklecut,1
CUT,crumb,323
CUT,crumble,336
CUT,crumbled,363
CUT,crumbles,460
CUT,crumbs,701
CUT,crushed,753
CUT,cubed,117
CUT,cubes,549
CUT,cut,3664
CUT,diced,2616
CUT,dices,20
CUT,drumstick,10
CUT,drumsticks,56
CUT,fillet,309
CUT,fillets,1184
CUT,fine,867
CUT,flank,15
CUT,flat,178
CUT,florets,538
CUT,flowershaped,0
CUT,fry,932
CUT,grated,524
CUT,gratings,0
CUT,ground,2250
CUT,hair,279
CUT,halved,80
CUT,halves,1170
CUT,hand,658
CUT,heart-shaped,0
CUT,julienne,69
CUT,kernel,590
CUT,kernels,600
CUT,leaf,628
CUT,leaves,252
CUT,log,55
CUT,logs,3
CUT,loin,333
CUT,long,1169
CUT,mashed,985
CUT,matchstick,16
CUT,matchsticks,0
CUT,medallions,42
CUT,medium,4122
CUT,minced,393
CUT,mini,5951
CUT,miniature,105
CUT,minis,1022
CUT,nugget,67
CUT,nuggets,784
CUT,oval,24
CUT,patties,1822
CUT,patty,389
CUT,peel,285
CUT,peeled,1106
CUT,petite,736
CUT,pitted,1146
CUT,quartered,108
CUT,quarters,52
CUT,rectangular,3
CUT,rib,1040
CUT,ribbons,79
CUT,ribs,276
CUT,riced,350
CUT,ringlets,1
CUT,rings,1031
CUT,round,542
CUT,sectioned,0
CUT,seeded,255
CUT,seedless,384
CUT,segmented,0
CUT,segments,102
CUT,shank,16
CUT,shavings,8
CUT,shell,760
CUT,shells,921
CUT,shoestring,94
CUT,short,113
CUT,shoulder,105
CUT,shred,70
CUT,shredded,3138
CUT,skinless,817
CUT,skinon,1
CUT,slabs,3
CUT,slice,228
CUT,sliced,5688
CUT,slices,2884
CUT,smashed,21
CUT,spears,532
CUT,spiral,76
CUT,spiralized,6
CUT,split,678
CUT,splits,16
CUT,square,154
CUT,star-shaped,0
CUT,stemmed,3
CUT,sticks,3050
CUT,strip,236
CUT,strips,1237
CUT,tail,533
CUT,tails,160
CUT,tender,776
CUT,tenderloin,206
CUT,tenders,248
CUT,thigh,60
CUT,thighs,92
CUT,trim,78
CUT,trimmed,35
CUT,trimmings,8
CUT,twists,573
CUT,waffle,1058
CUT,wedged,1
CUT,wedges,188
CUT,whole,12601
CUT,wing,712
CUT,wings,402
DISH_TYPE,benedict,6
DISH_TYPE,biryani,44
DISH_TYPE,bisque,234
DISH_TYPE,bowl,1348
DISH_TYPE,breakfast,2201
DISH_TYPE,burrito,768
DISH_TYPE,calzone,69
DISH_TYPE,casserola,0
DISH_TYPE,casserole,218
DISH_TYPE,chili,5442
DISH_TYPE,chimichanga,31
DISH_TYPE,chowder,448
DISH_TYPE,cobbler,243
DISH_TYPE,crepe,37
DISH_TYPE,crepes,55
DISH_TYPE,crisp,1620
DISH_TYPE,crumble,336
DISH_TYPE,curry,1352
DISH_TYPE,dinner,1272
DISH_TYPE,dumpling,144
DISH_TYPE,dumplings,269
DISH_TYPE,empanada,38
DISH_TYPE,enchilada,559
DISH_TYPE,entree,86
DISH_TYPE,fajita,678
DISH_TYPE,fettuccine,419
DISH_TYPE,flan,75
DISH_TYPE,frenchtoast,0
DISH_TYPE,fried-rice,0
DISH_TYPE,frittata,39
DISH_TYPE,gnocchi,297
DISH_TYPE,goulash,12
DISH_TYPE,gumbo,168
DISH_TYPE,gyro,40
DISH_TYPE,hash,392
DISH_TYPE,hashbrown,20
DISH_TYPE,hoagie,155
DISH_TYPE,kabob,69
DISH_TYPE,kebab,7
DISH_TYPE,kit,2434
DISH_TYPE,kugel,10
DISH_TYPE,lasagna,840
DISH_TYPE,linguine,301
DISH_TYPE,macaroni,4216
DISH_TYPE,maki,10
DISH_TYPE,marsala,141
DISH_TYPE,mealkit,0
DISH_TYPE,meatballs,1120
DISH_TYPE,meatloaf,245
DISH_TYPE,mousse,356
DISH_TYPE,nigiri,48
DISH_TYPE,noodles,1409
DISH_TYPE,oatmeal,0
DISH_TYPE,omelet,55
DISH_TYPE,omelette,6
DISH_TYPE,paella,32
DISH_TYPE,pancake,1100
DISH_TYPE,pancakes,340
DISH_TYPE,panini,48
DISH_TYPE,parfait,257
DISH_TYPE,parmigiana,81
DISH_TYPE,pasta,7221
DISH_TYPE,penne,984
DISH_TYPE,pho,94
DISH_TYPE,piccata,42
DISH_TYPE,pierogi,68
DISH_TYPE,pita,598
DISH_TYPE,pizza,6234
DISH_TYPE,plate,37
DISH_TYPE,platter,128
DISH_TYPE,poke,62
DISH_TYPE,porridge,29
DISH_TYPE,pudding,1368
DISH_TYPE,quesadilla,325
DISH_TYPE,quiche,161
DISH_TYPE,ramen,508
DISH_TYPE,ravioli,1275
DISH_TYPE,risotto,314
DISH_TYPE,roll,1591
DISH_TYPE,salad,4826
DISH_TYPE,sandwich,3756
DISH_TYPE,sashimi,25
DISH_TYPE,satay,39
DISH_TYPE,shawarma,30
DISH_TYPE,shortcake,301
DISH_TYPE,slaw,246
DISH_TYPE,souffl,3
DISH_TYPE,souffle,35
DISH_TYPE,soup,5505
DISH_TYPE,souvlaki,6
DISH_TYPE,spaghetti,1519
DISH_TYPE,stew,378
DISH_TYPE,streusel,243
DISH_TYPE,stroganoff,149
DISH_TYPE,stromboli,56
DISH_TYPE,sub,285
DISH_TYPE,sundae,493
DISH_TYPE,sushi,202
DISH_TYPE,taco,1788
DISH_TYPE,tartar,197
DISH_TYPE,tartare,1
DISH_TYPE,tiramisu,155
DISH_TYPE,tortellini,387
DISH_TYPE,tray,390
DISH_TYPE,trifle,2
DISH_TYPE,waffle,1058
DISH_TYPE,waffles,898
DISH_TYPE,wrap,396
DISH_TYPE,ziti,204
COMBO_FORMAT,bento,19
COMBO_FORMAT,board,24
COMBO_FORMAT,bundle,18
COMBO_FORMAT,charcuterie,88
COMBO_FORMAT,combo,192
COMBO_FORMAT,cup,1197
COMBO_FORMAT,cups,1626
COMBO_FORMAT,dippables,1
COMBO_FORMAT,dipper,39
COMBO_FORMAT,dippers,128
COMBO_FORMAT,duo,87
COMBO_FORMAT,kit,2434
COMBO_FORMAT,lunchables,20
COMBO_FORMAT,mix-in,0
COMBO_FORMAT,mix-ins,0
COMBO_FORMAT,mixins,1
COMBO_FORMAT,multipack,19
COMBO_FORMAT,pack,2273
COMBO_FORMAT,packs,353
COMBO_FORMAT,plate,37
COMBO_FORMAT,platter,128
COMBO_FORMAT,sampler,83
COMBO_FORMAT,serving,88
COMBO_FORMAT,servings,7
COMBO_FORMAT,sides,125
COMBO_FORMAT,snack-pack,0
COMBO_FORMAT,snackpack,0
COMBO_FORMAT,toppers,159
COMBO_FORMAT,toppings,144
COMBO_FORMAT,tray,390
COMBO_FORMAT,trio,268
COMBO_FORMAT,variety,521
SWEETENER,agave,268
SWEETENER,allulose,21
SWEETENER,aspartame,46
SWEETENER,brownsugar,1
SWEETENER,cane,1081
SWEETENER,caster,2
SWEETENER,erythritol,59
SWEETENER,honey,12262
SWEETENER,lightly,1880
SWEETENER,maple,4234
SWEETENER,molasses,272
SWEETENER,monkfruit,21
SWEETENER,nosugar,0
SWEETENER,nsa,12
SWEETENER,powderedsugar,0
SWEETENER,splenda,40
SWEETENER,stevia,440
SWEETENER,sucralose,85
SWEETENER,sugar,10875
SWEETENER,sugared,71
SWEETENER,sugarfree,0
SWEETENER,sugarless,9
SWEETENER,sweet,15805
SWEETENER,sweetened,3593
SWEETENER,sweetener,689
SWEETENER,sweeteners,28
SWEETENER,sweetly,17
SWEETENER,syrup,3902
SWEETENER,unsugared,0
SWEETENER,unsweet,0
SWEETENER,unsweetened,3439
SWEETENER,xylitol,183
SWEETENER,zerocalorie,0
SWEETENER,zerosugar,2
FAT,butterfat,1
FAT,extralean,0
FAT,fat,10828
FAT,fatfree,0
FAT,fats,1
FAT,fattyacid,0
FAT,full,158
FAT,fullfat,0
FAT,half,1732
FAT,heavy,960
FAT,lean,803
FAT,light,5755
FAT,lite,892
FAT,lowfat,0
FAT,milkfat,137
FAT,mufa,0
FAT,nonfat,0
FAT,omega,288
FAT,onepercent,0
FAT,part,1022
FAT,percent,7
FAT,pufa,0
FAT,reduced,2705
FAT,saturated,1
FAT,skim,1204
FAT,skimmed,0
FAT,trans,7
FAT,two,322
FAT,twopercent,0
FAT,unsaturated,0
FAT,whole,12601
SODIUM,brined,11
SODIUM,cured,546
SODIUM,himalayan,754
SODIUM,kosher,1077
SODIUM,lowsodium,0
SODIUM,nosalt,0
SODIUM,nosodium,0
SODIUM,salt,12620
SODIUM,salted,8210
SODIUM,saltfree,0
SODIUM,saltier,0
SODIUM,salts,8
SODIUM,salty,1118
SODIUM,seasalt,0
SODIUM,seasoned,4625
SODIUM,sodium,1264
SODIUM,unsalted,1909
DIET,adaptogen,21
DIET,adaptogenic,9
DIET,allergyfriendly,0
DIET,allnatural,0
DIET,allulose,21
DIET,ancient,525
DIET,angus,499
DIET,antibiotic,8
DIET,artificial,98
DIET,artisan,1249
DIET,artisanal,209
DIET,authentic,946
DIET,b12,10
DIET,balanced,141
DIET,batch,172
DIET,bioengineered,0
DIET,biotin,3
DIET,bleached,150
DIET,boost,163
DIET,boosted,16
DIET,caffeine,979
DIET,caffeinefree,0
DIET,cagefree,0
DIET,calcium,218
DIET,calming,12
DIET,calorie,1384
DIET,caught,1019
DIET,chromium,1
DIET,clean,130
DIET,cleanlabel,0
DIET,cleanse,25
DIET,collagen,184
DIET,complete,510
DIET,copper,20
DIET,craft,243
DIET,crafted,262
DIET,dairy,3235
DIET,dairyfree,0
DIET,decaf,93
DIET,decaffeinated,119
DIET,detox,69
DIET,diabetic,28
DIET,diabeticfriendly,0
DIET,diet,1405
DIET,eggfree,0
DIET,electrolyte,600
DIET,electrolytes,158
DIET,energizing,83
DIET,energy,2859
DIET,enriched,4059
DIET,erythritol,59
DIET,extra-virgin,0
DIET,extravirgin,5
DIET,fairtrade,0
DIET,farmtotable,0
DIET,fed,628
DIET,fiber,577
DIET,fishfree,0
DIET,focus,45
DIET,fodmap,5
DIET,folate,0
DIET,folicacid,0
DIET,fortified,48
DIET,free,9661
DIET,free-from,0
DIET,freerange,0
DIET,freshly,348
DIET,gf,22
DIET,gluten,2490
DIET,gluten-free,0
DIET,glutenfree,0
DIET,gmo,35
DIET,grade,513
DIET,gradea,0
DIET,grass,725
DIET,grassfed,0
DIET,gut,44
DIET,halal,32
DIET,handcrafted,279
DIET,healthy,550
DIET,heart,600
DIET,hearthealthy,0
DIET,heartsmart,3
DIET,hearty,621
DIET,herbal,569
DIET,heritage,118
DIET,high-protein,0
DIET,highcalcium,0
DIET,highfiber,0
DIET,highprotein,0
DIET,hormone,0
DIET,hydrating,30
DIET,immune,76
DIET,immunity,157
DIET,ironfortified,0
DIET,keto,765
DIET,ketogenic,33
DIET,kosher,1077
DIET,lactose,296
DIET,lactosefree,0
DIET,locally,6
DIET,lowcarb,0
DIET,lowfodmap,0
DIET,magnesium,15
DIET,manganese,0
DIET,mct,56
DIET,memory,5
DIET,microbiome,0
DIET,minimally,3
DIET,monkfruit,21
DIET,multi,726
DIET,multigrain,1257
DIET,multivitamin,2
DIET,natural,6163
DIET,naturally,841
DIET,naturally-flavored,0
DIET,nature,856
DIET,no,2681
DIET,nocarb,0
DIET,nocolor,0
DIET,nofatadded,0
DIET,noflavor,0
DIET,nonbioengineered,0
DIET,nondairy,27
DIET,nongmo,0
DIET,nooil,0
DIET,nooiladded,0
DIET,nopreservative,0
DIET,nopreservatives,0
DIET,nothing,3
DIET,nutfree,0
DIET,nutrition,808
DIET,nutritional,356
DIET,nutritious,36
DIET,omega,288
DIET,omega3,1
DIET,organic,23364
DIET,origin,55
DIET,paleo,175
DIET,pasture,57
DIET,peanutfree,0
DIET,plant,2505
DIET,plantbased,0
DIET,power,548
DIET,powered,97
DIET,prebiotic,139
DIET,preservativefree,0
DIET,preservatives,6
DIET,probiotic,1174
DIET,processed,97
DIET,protein,6831
DIET,raised,215
DIET,range,136
DIET,realingredients,0
DIET,recipe,1305
DIET,recognizable,0
DIET,refined,111
DIET,selenium,0
DIET,shellfishfree,0
DIET,simple,336
DIET,simpleingredients,0
DIET,single,359
DIET,small,1102
DIET,smallbatch,0
DIET,sourced,2
DIET,soyfree,0
DIET,sprouted,647
DIET,stevia,440
DIET,sugarsfromfruits,0
DIET,superfood,750
DIET,superfoods,109
DIET,supergrain,25
DIET,supergrains,3
DIET,sustainable,21
DIET,top8free,0
DIET,top9free,0
DIET,treenutfree,0
DIET,unbleached,125
DIET,unfortified,0
DIET,unprocessed,1
DIET,unrefined,83
DIET,veg,74
DIET,vegan,1049
DIET,vegetarian,537
DIET,vg,0
DIET,virgin,2183
DIET,vitamin,662
DIET,vitaminb,0
DIET,vitaminc,0
DIET,vitamind,0
DIET,vitamins,102
DIET,whey,546
DIET,whole30,0
DIET,wholegrain,38
DIET,wholesome,204
DIET,wholewheat,4
DIET,wild,3914
DIET,xylitol,183
DIET,zero,1494
DIET,zerocarb,0
DIET,zinc,41
AUDIENCE,adult,5
AUDIENCE,athlete,4
AUDIENCE,baby,1999
AUDIENCE,breakfast,2201
AUDIENCE,child,18
AUDIENCE,children,5
AUDIENCE,dinner,1272
AUDIENCE,infant,4
AUDIENCE,junior,66
AUDIENCE,kid,78
AUDIENCE,kids,446
AUDIENCE,lunch,130
AUDIENCE,maternity,0
AUDIENCE,men,36
AUDIENCE,performance,241
AUDIENCE,postworkout,0
AUDIENCE,prenatal,6
AUDIENCE,preworkout,1
AUDIENCE,recovery,43
AUDIENCE,senior,0
AUDIENCE,snack,5722
AUDIENCE,sport,155
AUDIENCE,toddler,28
AUDIENCE,women,26
COLOR,amber,86
COLOR,black,8754
COLOR,blue,4533
COLOR,brown,4993
COLOR,cream,21648
COLOR,crimson,19
COLOR,dark,12832
COLOR,emerald,51
COLOR,gold,1206
COLOR,golden,2449
COLOR,green,9667
COLOR,indigo,3
COLOR,ivory,23
COLOR,multicolor,8
COLOR,multicolored,6
COLOR,pink,2086
COLOR,purple,328
COLOR,rainbow,1101
COLOR,red,10506
COLOR,ruby,387
COLOR,silver,100
COLOR,tan,18
COLOR,teal,4
COLOR,turquoise,7
COLOR,violet,20
COLOR,white,16604
COLOR,yellow,3336
CUISINE,acadian,0
CUISINE,afghan,1
CUISINE,african,65
CUISINE,alabama,16
CUISINE,american,1680
CUISINE,argentinian,26
CUISINE,arizona,77
CUISINE,artisan,1249
CUISINE,asian,924
CUISINE,australian,66
CUISINE,austrian,2
CUISINE,bangladeshi,0
CUISINE,basque,13
CUISINE,belgian,754
CUISINE,boston,160
CUISINE,brazilian,74
CUISINE,british,35
CUISINE,brittany,4
CUISINE,buffalo,2200
CUISINE,cajun,1050
CUISINE,california,1622
CUISINE,cambodian,3
CUISINE,canadian,275
CUISINE,caribbean,253
CUISINE,carolina,293
CUISINE,catalan,3
CUISINE,chesapeake,100
CUISINE,chicago,148
CUISINE,chilean,20
CUISINE,chinese,232
CUISINE,colombian,108
CUISINE,colorado,40
CUISINE,country,1467
CUISINE,creole,340
CUISINE,cuban,139
CUISINE,danish,514
CUISINE,detroit,28
CUISINE,dutch,412
CUISINE,eastern,46
CUISINE,egyptian,1
CUISINE,emilia,3
CUISINE,england,348
CUISINE,english,787
CUISINE,ethiopian,22
CUISINE,ethnic,9
CUISINE,farmhouse,176
CUISINE,fe,210
CUISINE,filipino,14
CUISINE,finnish,1
CUISINE,florida,104
CUISINE,french,4416
CUISINE,fusion,271
CUISINE,georgia,69
CUISINE,german,259
CUISINE,greek,4047
CUISINE,haitian,1
CUISINE,hawaii,25
CUISINE,hawaiian,754
CUISINE,icelandic,170
CUISINE,illinois,4
CUISINE,indian,411
CUISINE,indiana,20
CUISINE,indonesian,23
CUISINE,international,149
CUISINE,iranian,0
CUISINE,irish,323
CUISINE,israeli,53
CUISINE,italian,8130
CUISINE,jamaican,395
CUISINE,japanese,440
CUISINE,kansas,138
CUISINE,kentucky,72
CUISINE,kiwi,965
CUISINE,korean,798
CUISINE,lankan,1
CUISINE,laotian,0
CUISINE,lebanese,10
CUISINE,levantine,0
CUISINE,lombard,0
CUISINE,maine,146
CUISINE,malaysian,11
CUISINE,maryland,60
CUISINE,mediterranean,1098
CUISINE,memphis,108
CUISINE,mex,130
CUISINE,mexican,2058
CUISINE,michigan,112
CUISINE,michoacan,0
CUISINE,midwestern,0
CUISINE,modena,359
CUISINE,montana,10
CUISINE,moroccan,221
CUISINE,nashville,127
CUISINE,neapolitan,481
CUISINE,nepali,0
CUISINE,new,1499
CUISINE,newengland,0
CUISINE,newyork,5
CUISINE,nigerian,2
CUISINE,northeastern,0
CUISINE,northern,286
CUISINE,norwegian,64
CUISINE,oaxaca,55
CUISINE,oaxacan,11
CUISINE,ohio,6
CUISINE,oregonian,0
CUISINE,oriental,120
CUISINE,pakistani,1
CUISINE,parisian,27
CUISINE,parma,25
CUISINE,parmesan,4136
CUISINE,pennsylvania,22
CUISINE,peruvian,119
CUISINE,philadelphia,73
CUISINE,philly,260
CUISINE,polish,280
CUISINE,portland,4
CUISINE,portuguese,63
CUISINE,provencal,17
CUISINE,provence,80
CUISINE,puerto,12
CUISINE,puertorican,2
CUISINE,rican,19
CUISINE,romagna,1
CUISINE,roman,62
CUISINE,romano,1214
CUISINE,russian,65
CUISINE,rustic,322
CUISINE,santa,381
CUISINE,santafe,0
CUISINE,sardinian,7
CUISINE,scottish,58
CUISINE,sicilian,265
CUISINE,singaporean,1
CUISINE,southafrican,0
CUISINE,southern,1017
CUISINE,southwest,791
CUISINE,southwestern,323
CUISINE,spanish,830
CUISINE,sri,3
CUISINE,swedish,233
CUISINE,swiss,1750
CUISINE,syrian,3
CUISINE,taiwanese,6
CUISINE,tennessee,160
CUISINE,tex,133
CUISINE,texan,6
CUISINE,texas,727
CUISINE,texmex,3
CUISINE,thai,1622
CUISINE,turkish,126
CUISINE,tuscan,491
CUISINE,ukrainian,1
CUISINE,venetian,1
CUISINE,veracruz,9
CUISINE,vermont,381
CUISINE,vietnamese,114
CUISINE,village,83
CUISINE,virginia,279
CUISINE,washington,26
CUISINE,welsh,10
CUISINE,western,358
CUISINE,westvirginia,0
CUISINE,wisconsin,303
CUISINE,york,751
CUISINE,yucatan,8
FORM,bagel,529
FORM,bagels,953
FORM,bake,828
FORM,baked,4407
FORM,bakery,770
FORM,ball,259
FORM,balls,690
FORM,bar,7308
FORM,bark,677
FORM,bars,7267
FORM,batter,538
FORM,battered,285
FORM,bears,936
FORM,beverage,3622
FORM,biryani,44
FORM,biscuit,600
FORM,biscuits,1137
FORM,bite,890
FORM,bites,3808
FORM,blend,7845
FORM,blended,1341
FORM,blends,322
FORM,boiled,146
FORM,bowl,1348
FORM,braised,94
FORM,bread,7613
FORM,breaded,1720
FORM,breads,109
FORM,brittle,324
FORM,broiled,55
FORM,broth,1659
FORM,brownie,2627
FORM,brownies,465
FORM,bun,463
FORM,buns,1623
FORM,burger,708
FORM,burgers,667
FORM,burrito,768
FORM,butter,20561
FORM,buttercream,181
FORM,butterscotch,472
FORM,cake,6607
FORM,cakes,1081
FORM,candied,185
FORM,candies,2190
FORM,candy,12332
FORM,candyfloss,0
FORM,caramel,12231
FORM,caramelized,493
FORM,casserole,218
FORM,cereal,6080
FORM,cheese,39386
FORM,chili,5442
FORM,chip,7941
FORM,chips,12910
FORM,chocolate,61184
FORM,chocolates,1124
FORM,chutney,155
FORM,clusters,1113
FORM,coating,936
FORM,cobbler,243
FORM,cocktail,2240
FORM,coffee,4820
FORM,concentrate,2999
FORM,cookie,6962
FORM,cookies,11573
FORM,cotton,670
FORM,cottoncandy,2
FORM,cracker,955
FORM,crackers,4759
FORM,cream,21648
FORM,creamer,1769
FORM,crepe,37
FORM,crepes,55
FORM,crisp,1620
FORM,crisps,1823
FORM,crouton,48
FORM,croutons,484
FORM,crumble,336
FORM,crumbles,460
FORM,crunch,3373
FORM,crust,3033
FORM,crystals,143
FORM,cupcake,518
FORM,cupcakes,1000
FORM,curry,1352
FORM,custard,263
FORM,custards,2
FORM,dessert,2752
FORM,desserts,165
FORM,dinner,1272
FORM,dip,3350
FORM,dollop,2
FORM,donut,429
FORM,donuts,720
FORM,dough,2683
FORM,dressing,5119
FORM,drink,7319
FORM,egg,3757
FORM,eggnog,201
FORM,eggs,1753
FORM,entree,86
FORM,espresso,629
FORM,extract,220
FORM,extracts,5
FORM,fillet,309
FORM,fillets,1184
FORM,filling,1982
FORM,flake,218
FORM,flakes,1445
FORM,flan,75
FORM,flans,0
FORM,flour,2467
FORM,fondant,79
FORM,frenchfry,0
FORM,frenchtoast,0
FORM,fried,1602
FORM,fries,696
FORM,frittata,39
FORM,frosting,752
FORM,fudge,4389
FORM,fudges,1
FORM,ganache,135
FORM,gelato,914
FORM,glazed,1196
FORM,goulash,12
FORM,granola,3683
FORM,granules,27
FORM,gravy,1445
FORM,grilled,1548
FORM,guac,16
FORM,guacamole,657
FORM,gum,1664
FORM,gummi,1679
FORM,gummy,1531
FORM,hamburger,1073
FORM,hardcandy,0
FORM,hash,392
FORM,hashbrown,20
FORM,hashbrowns,16
FORM,hearts,1395
FORM,herb,2689
FORM,herbs,846
FORM,hotdog,22
FORM,hotdogs,5
FORM,hummus,1498
FORM,ice,10763
FORM,icecreamcake,0
FORM,icing,1447
FORM,icingmix,0
FORM,infusion,80
FORM,italianice,0
FORM,jam,799
FORM,jelly,2225
FORM,jerky-stick,0
FORM,juice,10793
FORM,kefir,323
FORM,kit,2434
FORM,kombucha,944
FORM,kugel,10
FORM,lasagna,840
FORM,latte,1157
FORM,liquid,892
FORM,mac,1199
FORM,maki,10
FORM,marinade,1585
FORM,marsala,141
FORM,marzipan,71
FORM,mash,65
FORM,mashed,985
FORM,meal,4433
FORM,meatballs,1120
FORM,meatloaf,245
FORM,medley,1079
FORM,milk,21806
FORM,mints,682
FORM,mix,19392
FORM,mixed,4559
FORM,mixes,40
FORM,mounds,3
FORM,mousse,356
FORM,mousses,1
FORM,muffin,1049
FORM,muffins,1272
FORM,nachos,78
FORM,nibs,172
FORM,nigiri,48
FORM,nog,216
FORM,nogg,0
FORM,noodle,1647
FORM,noodles,1409
FORM,nougat,583
FORM,nugget,67
FORM,nuggets,784
FORM,nut-cluster,0
FORM,nuts,2478
FORM,oatmeal,0
FORM,oats,2172
FORM,oil,7674
FORM,omelet,55
FORM,omelette,6
FORM,paella,32
FORM,pancake,1100
FORM,pancakes,340
FORM,panko,397
FORM,parfait,257
FORM,parm,31
FORM,parmigiana,81
FORM,pasta,7221
FORM,paste,916
FORM,pastries,732
FORM,pastry,553
FORM,patties,1822
FORM,patty,389
FORM,pellets,7
FORM,piccata,42
FORM,pickle,1072
FORM,pickles,838
FORM,pie,4390
FORM,pies,242
FORM,piles,0
FORM,pizza,6234
FORM,plate,37
FORM,poached,1
FORM,poke,62
FORM,pop,1003
FORM,popcorn,3754
FORM,pops,1231
FORM,popsicle,1
FORM,porridge,29
FORM,powder,2309
FORM,preserves,818
FORM,pretzel,2336
FORM,pretzels,2190
FORM,pudding,1368
FORM,puddings,8
FORM,puffs,1176
FORM,pulp,912
FORM,puree,613
FORM,quesadilla,325
FORM,queso,1346
FORM,quiche,161
FORM,relish,587
FORM,ribbons,79
FORM,rice-cake,0
FORM,ricecake,0
FORM,risotto,314
FORM,roast,1115
FORM,roasted,15078
FORM,roll,1591
FORM,rolls,2464
FORM,rub,852
FORM,salad,4826
FORM,salsa,4104
FORM,sandwich,3756
FORM,sandwiches,1488
FORM,sashimi,25
FORM,sauce,23892
FORM,schmear,2
FORM,seared,75
FORM,seasoning,4764
FORM,seasonings,315
FORM,seed,1775
FORM,seeds,2360
FORM,seltzer,929
FORM,shake,1432
FORM,shavedice,0
FORM,shells,921
FORM,sherbet,462
FORM,shortcake,301
FORM,side,218
FORM,sides,125
FORM,slabs,3
FORM,slider,108
FORM,sliders,220
FORM,smear,3
FORM,smoked,7888
FORM,smoothie,1350
FORM,snocone,0
FORM,snowcone,5
FORM,soda,4730
FORM,softcandy,0
FORM,solid,694
FORM,sorbet,298
FORM,sorbetto,83
FORM,soup,5505
FORM,spice,2990
FORM,spices,854
FORM,spoonsize,0
FORM,spread,3727
FORM,sprinkles,1017
FORM,square,154
FORM,squares,1081
FORM,steamed,116
FORM,stew,378
FORM,stick,1024
FORM,sticks,3050
FORM,stock,348
FORM,streusel,243
FORM,strip,236
FORM,strips,1237
FORM,stroganoff,149
FORM,sub,285
FORM,sundae,493
FORM,sushi,202
FORM,swirls,472
FORM,syrup,3902
FORM,taco,1788
FORM,tart,720
FORM,tarts,255
FORM,tea,6214
FORM,thins,697
FORM,tiramisu,155
FORM,toast,1005
FORM,toasted,2347
FORM,toffee,1655
FORM,topping,1386
FORM,toppings,144
FORM,tortilla,3190
FORM,tortillas,1276
FORM,trail,2397
FORM,tray,390
FORM,trifle,2
FORM,truffle,1557
FORM,truffles,1072
FORM,twists,573
FORM,waffle,1058
FORM,waffles,898
FORM,whipped,1116
FORM,worms,634
FORM,wrap,396
FORM,yogurt,9267
CATEGORY,acai,709
CATEGORY,adobo,272
CATEGORY,albacore,479
CATEGORY,ale,606
CATEGORY,alfalfa,13
CATEGORY,alfredo,1309
CATEGORY,almond,7808
CATEGORY,almonds,6260
CATEGORY,aloe,514
CATEGORY,american,1680
CATEGORY,anchovies,62
CATEGORY,anchovy,49
CATEGORY,angel,419
CATEGORY,animal,313
CATEGORY,animal-crackers,0
CATEGORY,apple,14322
CATEGORY,apples,1040
CATEGORY,applesauce,0
CATEGORY,apricot,852
CATEGORY,arborio,98
CATEGORY,artichoke,909
CATEGORY,arugula,172
CATEGORY,asiago,897
CATEGORY,asparagus,492
CATEGORY,avocado,1172
CATEGORY,bacon,6474
CATEGORY,bagel,529
CATEGORY,bagels,953
CATEGORY,baguette,247
CATEGORY,bakery,770
CATEGORY,banana,5355
CATEGORY,banana-split,0
CATEGORY,bananas,295
CATEGORY,barley,353
CATEGORY,basil,3027
CATEGORY,basmati,526
CATEGORY,basmatic,1
CATEGORY,bass,21
CATEGORY,batter,538
CATEGORY,bean,3834
CATEGORY,beans,8924
CATEGORY,beansprouts,0
CATEGORY,bears,936
CATEGORY,beef,11640
CATEGORY,beefjerky,1
CATEGORY,beer,1648
CATEGORY,beet,618
CATEGORY,beets,521
CATEGORY,bell,966
CATEGORY,biscotti,276
CATEGORY,biscuit,600
CATEGORY,biscuits,1137
CATEGORY,bite,890
CATEGORY,bites,3808
CATEGORY,black-eyed,0
CATEGORY,blackberries,245
CATEGORY,blackberry,1365
CATEGORY,blend,7845
CATEGORY,blends,322
CATEGORY,blueberries,1061
CATEGORY,blueberry,7172
CATEGORY,bouillon,317
CATEGORY,boursin,9
CATEGORY,bowls,359
CATEGORY,bran,721
CATEGORY,bratwurst,403
CATEGORY,brazil,204
CATEGORY,bread,7613
CATEGORY,breadcrumbs,0
CATEGORY,breads,109
CATEGORY,brie,296
CATEGORY,brine,341
CATEGORY,brioche,462
CATEGORY,brisket,235
CATEGORY,brittle,324
CATEGORY,broccoli,2985
CATEGORY,broth,1659
CATEGORY,brown-sugar,0
CATEGORY,brownie,2627
CATEGORY,brownies,465
CATEGORY,brownrice,0
CATEGORY,brussels,437
CATEGORY,brussels-sprouts,0
CATEGORY,buckwheat,153
CATEGORY,bun,463
CATEGORY,buns,1623
CATEGORY,burger,708
CATEGORY,burgers,667
CATEGORY,butter,20561
CATEGORY,buttermilk,1757
CATEGORY,butternut,760
CATEGORY,cabbage,723
CATEGORY,cafe,515
CATEGORY,cafemocha,0
CATEGORY,cafeolait,0
CATEGORY,caferoyal,0
CATEGORY,caféolait,0
CATEGORY,cake,6607
CATEGORY,cake-pop,0
CATEGORY,cakepop,0
CATEGORY,cakes,1081
CATEGORY,camembert,47
CATEGORY,candies,2190
CATEGORY,candy,12332
CATEGORY,candycane,9
CATEGORY,candycanes,0
CATEGORY,candycorn,0
CATEGORY,canes,360
CATEGORY,canola,630
CATEGORY,capicola,16
CATEGORY,caramels,762
CATEGORY,carrot,1530
CATEGORY,carrots,2424
CATEGORY,caseinprotein,0
CATEGORY,cashew,1600
CATEGORY,cashews,2866
CATEGORY,caster-sugar,0
CATEGORY,catfish,103
CATEGORY,cauliflower,1931
CATEGORY,cayenne,371
CATEGORY,celery,729
CATEGORY,cereal,6080
CATEGORY,chai,648
CATEGORY,challah,78
CATEGORY,cheddar,15817
CATEGORY,cheese,39386
CATEGORY,cheesecake,1550
CATEGORY,cheesepuff,0
CATEGORY,cheesepuffs,0
CATEGORY,cheeses,1336
CATEGORY,cherries,1356
CATEGORY,cherry,11145
CATEGORY,chew,67
CATEGORY,chewable,18
CATEGORY,chews,510
CATEGORY,chia,1249
CATEGORY,chicken,22358
CATEGORY,chickpea,448
CATEGORY,chickpeas,383
CATEGORY,chile,1640
CATEGORY,chiles,341
CATEGORY,chili,5442
CATEGORY,chip,7941
CATEGORY,chips,12910
CATEGORY,chive,422
CATEGORY,chives,213
CATEGORY,choco,409
CATEGORY,chocolate,61184
CATEGORY,chocolatemilk,0
CATEGORY,chocolates,1124
CATEGORY,chorizo,599
CATEGORY,chowder,448
CATEGORY,chutney,155
CATEGORY,ciabatta,279
CATEGORY,cider,1387
CATEGORY,cilantro,896
CATEGORY,cinnabon,43
CATEGORY,clam,450
CATEGORY,club,518
CATEGORY,clubcracker,0
CATEGORY,clubsoda,0
CATEGORY,clusters,1113
CATEGORY,clustersnack,0
CATEGORY,cobbler,243
CATEGORY,coconut,9182
CATEGORY,cod,461
CATEGORY,coffee,4820
CATEGORY,cola,1515
CATEGORY,colby,1898
CATEGORY,collagen,184
CATEGORY,collagenprotein,0
CATEGORY,concentrate,2999
CATEGORY,cone,396
CATEGORY,cones,369
CATEGORY,cookie,6962
CATEGORY,cookies,11573
CATEGORY,corn,10188
CATEGORY,cornbread,0
CATEGORY,cottage,1097
CATEGORY,couscous,292
CATEGORY,crab,956
CATEGORY,cracker,955
CATEGORY,crackers,4759
CATEGORY,cranberries,1816
CATEGORY,cranberry,5024
CATEGORY,cream,21648
CATEGORY,creme,4614
CATEGORY,crisp,1620
CATEGORY,crisps,1823
CATEGORY,crispyrice,0
CATEGORY,crispysnack,0
CATEGORY,croissant,314
CATEGORY,croissants,143
CATEGORY,crouton,48
CATEGORY,croutons,484
CATEGORY,crumb,323
CATEGORY,crumble,336
CATEGORY,crumbs,701
CATEGORY,crust,3033
CATEGORY,cucumber,816
CATEGORY,cupcake,518
CATEGORY,cupcakes,1000
CATEGORY,curd,644
CATEGORY,custard,263
CATEGORY,danish,514
CATEGORY,date,333
CATEGORY,dates,383
CATEGORY,decorations,283
CATEGORY,demerara,20
CATEGORY,dill,2696
CATEGORY,dog,826
CATEGORY,dogs,440
CATEGORY,donut,429
CATEGORY,donuts,720
CATEGORY,dough,2683
CATEGORY,dressing,5119
CATEGORY,drops,616
CATEGORY,duck,164
CATEGORY,dumpling,144
CATEGORY,dumplings,269
CATEGORY,durum,305
CATEGORY,edamame,464
CATEGORY,egg,3757
CATEGORY,eggplant,310
CATEGORY,eggs,1753
CATEGORY,elbow,273
CATEGORY,electrolyte,600
CATEGORY,emmental,7
CATEGORY,energy,2859
CATEGORY,energybar,0
CATEGORY,energybars,0
CATEGORY,enhancer,552
CATEGORY,enhancers,2
CATEGORY,extra-virgin,0
CATEGORY,extract,220
CATEGORY,extracts,5
CATEGORY,feta,1211
CATEGORY,fettuccine,419
CATEGORY,fiber,577
CATEGORY,fig,658
CATEGORY,filling,1982
CATEGORY,fillings,14
CATEGORY,fish,1038
CATEGORY,flake,218
CATEGORY,flakes,1445
CATEGORY,flatbread,639
CATEGORY,flavorshot,0
CATEGORY,flax,844
CATEGORY,flounder,117
CATEGORY,flour,2467
CATEGORY,focaccia,94
CATEGORY,fontina,225
CATEGORY,frank,44
CATEGORY,franks,718
CATEGORY,frenchfry,0
CATEGORY,fries,696
CATEGORY,fritters,273
CATEGORY,frosting,752
CATEGORY,fruit-leather,0
CATEGORY,fruit-strip,0
CATEGORY,fruitbar,0
CATEGORY,fruitsnack,0
CATEGORY,fruitsnacks,0
CATEGORY,fudge,4389
CATEGORY,garbanzo,345
CATEGORY,garlic,10577
CATEGORY,gel,291
CATEGORY,gelatin,773
CATEGORY,gelato,914
CATEGORY,genoa,338
CATEGORY,ghee,134
CATEGORY,ginger,5073
CATEGORY,gingersnap,35
CATEGORY,glassnoodle,0
CATEGORY,glaze,503
CATEGORY,gnocchi,297
CATEGORY,goat,987
CATEGORY,goji,242
CATEGORY,goldfish,228
CATEGORY,goose,7
CATEGORY,gorgonzola,155
CATEGORY,gouda,990
CATEGORY,graham,1160
CATEGORY,graham-cracker,0
CATEGORY,grahams,300
CATEGORY,grain,6784
CATEGORY,grains,790
CATEGORY,granola,3683
CATEGORY,granola-bar,0
CATEGORY,granola-bars,0
CATEGORY,grape,5141
CATEGORY,grapes,175
CATEGORY,gravies,0
CATEGORY,gravy,1445
CATEGORY,greens,906
CATEGORY,gruyere,129
CATEGORY,guacamole,657
CATEGORY,guava,838
CATEGORY,gum,1664
CATEGORY,gummi,1679
CATEGORY,gummies,554
CATEGORY,gummy,1531
CATEGORY,hair,279
CATEGORY,halibut,28
CATEGORY,ham,2856
CATEGORY,hamburger,1073
CATEGORY,havarti,326
CATEGORY,hazelnut,2237
CATEGORY,hazelnuts,500
CATEGORY,heart,600
CATEGORY,hearts,1395
CATEGORY,hemp,482
CATEGORY,herb,2689
CATEGORY,herbs,846
CATEGORY,herring,158
CATEGORY,hibiscus,536
CATEGORY,hoagie,155
CATEGORY,honey,12262
CATEGORY,horseradish,675
CATEGORY,hot-cereal,0
CATEGORY,hotdog,22
CATEGORY,hotdogs,5
CATEGORY,hummus,1498
CATEGORY,hydration,369
CATEGORY,icecream,0
CATEGORY,icecreamsandwich,0
CATEGORY,icing,1447
CATEGORY,jack,5083
CATEGORY,jalapeno,4723
CATEGORY,jam,799
CATEGORY,jasmine,718
CATEGORY,jelly,2225
CATEGORY,jerk,286
CATEGORY,jerky,1713
CATEGORY,juice,10793
CATEGORY,juices,486
CATEGORY,kale,1667
CATEGORY,kefir,323
CATEGORY,ketchup,935
CATEGORY,kidney,732
CATEGORY,kielbasa,157
CATEGORY,kit,2434
CATEGORY,kits,131
CATEGORY,kiwi,965
CATEGORY,kombucha,944
CATEGORY,lamb,103
CATEGORY,lemon,12029
CATEGORY,lemonade,4157
CATEGORY,lentil,623
CATEGORY,lentils,398
CATEGORY,lettuce,793
CATEGORY,licorice,465
CATEGORY,lima,343
CATEGORY,lime,7715
CATEGORY,limeade,405
CATEGORY,linguine,301
CATEGORY,links,564
CATEGORY,liquid-enhancer,0
CATEGORY,loaf,783
CATEGORY,loaves,59
CATEGORY,lobster,499
CATEGORY,lollipop,439
CATEGORY,lollipops,318
CATEGORY,longgrain,3
CATEGORY,macadamia,674
CATEGORY,macaroni,4216
CATEGORY,mackerel,155
CATEGORY,mahi,167
CATEGORY,manchego,90
CATEGORY,mango,6898
CATEGORY,maple,4234
CATEGORY,margarine,115
CATEGORY,marinara,1440
CATEGORY,marshmallow,2245
CATEGORY,marshmallows,1105
CATEGORY,masala,550
CATEGORY,mascarpone,108
CATEGORY,matcha,569
CATEGORY,matzo,137
CATEGORY,matzoh,9
CATEGORY,mayo,260
CATEGORY,mayonnaise,725
CATEGORY,mealkit,0
CATEGORY,meat,4672
CATEGORY,meatloaf,245
CATEGORY,meats,120
CATEGORY,medgrain,0
CATEGORY,medley,1079
CATEGORY,melon,422
CATEGORY,microgreens,8
CATEGORY,milk,21806
CATEGORY,millet,107
CATEGORY,mint,3936
CATEGORY,mints,682
CATEGORY,mix,19392
CATEGORY,mixed,4559
CATEGORY,mixednuts,0
CATEGORY,mochi,178
CATEGORY,monterey,2145
CATEGORY,moose,457
CATEGORY,mores,965
CATEGORY,mortadella,25
CATEGORY,mozzarella,5095
CATEGORY,muenster,364
CATEGORY,muffin,1049
CATEGORY,muffins,1272
CATEGORY,muscovado,0
CATEGORY,mushroom,1964
CATEGORY,mushrooms,1260
CATEGORY,mussel,12
CATEGORY,mustard,2587
CATEGORY,naan,159
CATEGORY,navy,151
CATEGORY,nectar,551
CATEGORY,neufchatel,107
CATEGORY,nibblers,34
CATEGORY,nibs,172
CATEGORY,noodle,1647
CATEGORY,noodles,1409
CATEGORY,nori,73
CATEGORY,nougat,583
CATEGORY,nugget,67
CATEGORY,nuggets,784
CATEGORY,nut,4235
CATEGORY,nutritional,356
CATEGORY,nuts,2478
CATEGORY,oat,5172
CATEGORY,oat-meal,0
CATEGORY,oatbran,6
CATEGORY,oatmeal,0
CATEGORY,oats,2172
CATEGORY,oil,7674
CATEGORY,oils,27
CATEGORY,olive,4537
CATEGORY,olive-oil,0
CATEGORY,olives,2480
CATEGORY,onion,4900
CATEGORY,onions,1827
CATEGORY,orange,11795
CATEGORY,oranges,396
CATEGORY,oregano,308
CATEGORY,oreo,475
CATEGORY,oyster,266
CATEGORY,oysters,86
CATEGORY,panini,48
CATEGORY,panko,397
CATEGORY,papaya,260
CATEGORY,parfait,257
CATEGORY,parfaits,3
CATEGORY,parmesan,4136
CATEGORY,parsley,323
CATEGORY,parsnip,15
CATEGORY,passion,930
CATEGORY,pasta,7221
CATEGORY,pastrami,120
CATEGORY,patties,1822
CATEGORY,patty,389
CATEGORY,pea,423
CATEGORY,peach,5451
CATEGORY,peaches,1091
CATEGORY,peanut,13157
CATEGORY,peanut-oil,0
CATEGORY,peanutbrittle,0
CATEGORY,peanuts,4585
CATEGORY,peaprotein,0
CATEGORY,pear,1360
CATEGORY,pears,385
CATEGORY,peas,2298
CATEGORY,pecan,3047
CATEGORY,pecans,1584
CATEGORY,peeps,88
CATEGORY,penne,984
CATEGORY,pepitas,351
CATEGORY,pepper,8268
CATEGORY,pepperoni,3424
CATEGORY,peppers,3648
CATEGORY,pesto,1082
CATEGORY,pickle,1072
CATEGORY,pickles,838
CATEGORY,pie,4390
CATEGORY,pierogi,68
CATEGORY,pies,242
CATEGORY,pineapple,5988
CATEGORY,pinto,843
CATEGORY,pistachio,710
CATEGORY,pistachios,788
CATEGORY,pita,598
CATEGORY,plantain,338
CATEGORY,plantains,40
CATEGORY,plum,470
CATEGORY,pomegranate,2137
CATEGORY,pop,1003
CATEGORY,popcorn,3754
CATEGORY,popped,472
CATEGORY,poppedchip,0
CATEGORY,poppedrice,0
CATEGORY,poppy,403
CATEGORY,pops,1231
CATEGORY,popsicle,1
CATEGORY,poptart,0
CATEGORY,pork,5470
CATEGORY,porkjerky,0
CATEGORY,porridge,29
CATEGORY,pot,586
CATEGORY,potato,9394
CATEGORY,potatoes,3345
CATEGORY,potpie,2
CATEGORY,powdered-sugar,0
CATEGORY,preserves,818
CATEGORY,pretzel,2336
CATEGORY,pretzels,2190
CATEGORY,processed,97
CATEGORY,prosciutto,319
CATEGORY,protein,6831
CATEGORY,proteinbar,0
CATEGORY,proteinbars,0
CATEGORY,proteinbowl,0
CATEGORY,provolone,1196
CATEGORY,pudding,1368
CATEGORY,puddings,8
CATEGORY,puff,300
CATEGORY,puffer,0
CATEGORY,puffs,1176
CATEGORY,puffsnack,0
CATEGORY,pumpkin,4573
CATEGORY,pumpkinseed,3
CATEGORY,punch,3129
CATEGORY,quencher,512
CATEGORY,queso,1346
CATEGORY,quinoa,1822
CATEGORY,radish,62
CATEGORY,raisin,1945
CATEGORY,raisins,2139
CATEGORY,ramen,508
CATEGORY,raspberries,414
CATEGORY,raspberry,8986
CATEGORY,ravioli,1275
CATEGORY,relish,587
CATEGORY,rib,1040
CATEGORY,ribeye,95
CATEGORY,ribs,276
CATEGORY,rice,9588
CATEGORY,ricebowl,0
CATEGORY,ricebran,0
CATEGORY,ricecake,0
CATEGORY,ricecakes,0
CATEGORY,ricotta,1013
CATEGORY,rigatoni,298
CATEGORY,ritz,135
CATEGORY,roast,1115
CATEGORY,roll,1591
CATEGORY,roll-up,0
CATEGORY,rolls,2464
CATEGORY,rollup,3
CATEGORY,rollups,5
CATEGORY,romaine,542
CATEGORY,romano,1214
CATEGORY,root,1000
CATEGORY,roots,60
CATEGORY,rosemary,1108
CATEGORY,rotini,470
CATEGORY,rub,852
CATEGORY,rye,535
CATEGORY,sage,228
CATEGORY,salad-kit,0
CATEGORY,saladkit,0
CATEGORY,salame,388
CATEGORY,salami,913
CATEGORY,salmon,1918
CATEGORY,salsa,4104
CATEGORY,salt,12620
CATEGORY,saltines,76
CATEGORY,saltwater-taffy,0
CATEGORY,sandwich,3756
CATEGORY,sandwiches,1488
CATEGORY,sardine,19
CATEGORY,sardines,395
CATEGORY,sauce,23892
CATEGORY,sauces,218
CATEGORY,sauerkraut,288
CATEGORY,sausage,7720
CATEGORY,sausages,234
CATEGORY,scallop,33
CATEGORY,scone,67
CATEGORY,scones,104
CATEGORY,seafood,794
CATEGORY,seasoning,4764
CATEGORY,seasonings,315
CATEGORY,seaweed,379
CATEGORY,seedcracker,0
CATEGORY,seitan,51
CATEGORY,seltzer,929
CATEGORY,semolina,340
CATEGORY,sesame,2681
CATEGORY,sesame-oil,0
CATEGORY,shake,1432
CATEGORY,sherbet,462
CATEGORY,shoots,50
CATEGORY,shortbread,863
CATEGORY,shortening,86
CATEGORY,shortgrain,0
CATEGORY,shot,256
CATEGORY,shots,42
CATEGORY,shrimp,3243
CATEGORY,singles,560
CATEGORY,sirloin,277
CATEGORY,slider,108
CATEGORY,sliders,220
CATEGORY,slimjim,0
CATEGORY,smoothie,1350
CATEGORY,smoothies,83
CATEGORY,smores,39
CATEGORY,snack,5722
CATEGORY,snacks,3893
CATEGORY,snapper,78
CATEGORY,snickerdoodle,441
CATEGORY,soba,32
CATEGORY,soda,4730
CATEGORY,sole,35
CATEGORY,soppressata,59
CATEGORY,sorbet,298
CATEGORY,soup,5505
CATEGORY,soy,1468
CATEGORY,soyprotein,0
CATEGORY,spaghetti,1519
CATEGORY,spelt,148
CATEGORY,spice,2990
CATEGORY,spices,854
CATEGORY,spinach,3476
CATEGORY,spoons,51
CATEGORY,sport,155
CATEGORY,spread-butter,0
CATEGORY,spreadable,496
CATEGORY,sprinkles,1017
CATEGORY,sprout,29
CATEGORY,sprouts,485
CATEGORY,square,154
CATEGORY,squares,1081
CATEGORY,squash,937
CATEGORY,steak,2321
CATEGORY,stew,378
CATEGORY,stickrice,0
CATEGORY,sticky,98
CATEGORY,stock,348
CATEGORY,strawberries,1520
CATEGORY,strawberry,18371
CATEGORY,straws,244
CATEGORY,streusel,243
CATEGORY,string,490
CATEGORY,strudel,91
CATEGORY,stuffing,521
CATEGORY,sub,285
CATEGORY,suckers,4
CATEGORY,sugar,10875
CATEGORY,sundae,493
CATEGORY,sundaes,27
CATEGORY,sunflower,1570
CATEGORY,sunflower-oil,0
CATEGORY,supplement,75
CATEGORY,supplements,1
CATEGORY,sushi,202
CATEGORY,sushikit,0
CATEGORY,sushirice,0
CATEGORY,sweetpotato,5
CATEGORY,swirls,472
CATEGORY,swiss,1750
CATEGORY,swordfish,40
CATEGORY,syrup,3902
CATEGORY,taffy,336
CATEGORY,tart,720
CATEGORY,tarts,255
CATEGORY,tea,6214
CATEGORY,tempeh,32
CATEGORY,thyme,225
CATEGORY,tikka,300
CATEGORY,tilapia,320
CATEGORY,toast,1005
CATEGORY,toaster,708
CATEGORY,toasterstrudel,0
CATEGORY,toffees,11
CATEGORY,tofu,371
CATEGORY,tomato,8190
CATEGORY,tomatoes,3468
CATEGORY,tonic,435
CATEGORY,topping,1386
CATEGORY,toppings,144
CATEGORY,tortellini,387
CATEGORY,tortilla,3190
CATEGORY,tortillas,1276
CATEGORY,tracks,502
CATEGORY,trail,2397
CATEGORY,trailbar,0
CATEGORY,trailmix,0
CATEGORY,trout,51
CATEGORY,truffle,1557
CATEGORY,truffles,1072
CATEGORY,tuna,1744
CATEGORY,turbinado,71
CATEGORY,turkey,5341
CATEGORY,turkeyjerky,0
CATEGORY,turnip,67
CATEGORY,turnover,39
CATEGORY,turnovers,33
CATEGORY,twist,635
CATEGORY,twists,573
CATEGORY,udon,80
CATEGORY,veal,66
CATEGORY,vegetable,4679
CATEGORY,vegetable-oil,0
CATEGORY,vegetables,2154
CATEGORY,veggie,2137
CATEGORY,veggiebowl,0
CATEGORY,veggies,384
CATEGORY,veggiestraws,0
CATEGORY,vera,354
CATEGORY,vinegar,3055
CATEGORY,wafer,511
CATEGORY,wafers,1183
CATEGORY,wakame,19
CATEGORY,walnut,1144
CATEGORY,walnuts,1050
CATEGORY,water,8772
CATEGORY,watermelon,3434
CATEGORY,wheat,5907
CATEGORY,wheatbran,0
CATEGORY,whey,546
CATEGORY,wildrice,0
CATEGORY,wine,1137
CATEGORY,worms,634
CATEGORY,wrap,396
CATEGORY,yogurt,9267
CATEGORY,ziti,204
CATEGORY,zucchini,538
FLAVOR_UNIVERSAL,acai,709
FLAVOR_UNIVERSAL,acerola,37
FLAVOR_UNIVERSAL,acidic,0
FLAVOR_UNIVERSAL,acorn,12
FLAVOR_UNIVERSAL,adobo,272
FLAVOR_UNIVERSAL,aged,865
FLAVOR_UNIVERSAL,aioli,138
FLAVOR_UNIVERSAL,alfredo,1309
FLAVOR_UNIVERSAL,allspice,23
FLAVOR_UNIVERSAL,almond,7808
FLAVOR_UNIVERSAL,amaranth,102
FLAVOR_UNIVERSAL,amarillo,43
FLAVOR_UNIVERSAL,amazonrainforest,0
FLAVOR_UNIVERSAL,americone,7
FLAVOR_UNIVERSAL,ancho,138
FLAVOR_UNIVERSAL,ancient,525
FLAVOR_UNIVERSAL,anise,80
FLAVOR_UNIVERSAL,anjou,9
FLAVOR_UNIVERSAL,apple,14322
FLAVOR_UNIVERSAL,applecinnamon,2
FLAVOR_UNIVERSAL,applepie,0
FLAVOR_UNIVERSAL,applesauce,0
FLAVOR_UNIVERSAL,applewood,797
FLAVOR_UNIVERSAL,apricot,852
FLAVOR_UNIVERSAL,aroma,9
FLAVOR_UNIVERSAL,aromatic,83
FLAVOR_UNIVERSAL,artisan,1249
FLAVOR_UNIVERSAL,artisanal,209
FLAVOR_UNIVERSAL,asian,924
FLAVOR_UNIVERSAL,autumn,159
FLAVOR_UNIVERSAL,bagel,529
FLAVOR_UNIVERSAL,balsamic,1775
FLAVOR_UNIVERSAL,banana,5355
FLAVOR_UNIVERSAL,banananut,0
FLAVOR_UNIVERSAL,banananutbread,0
FLAVOR_UNIVERSAL,barbecue,1926
FLAVOR_UNIVERSAL,barbeque,721
FLAVOR_UNIVERSAL,barley,353
FLAVOR_UNIVERSAL,bartlett,185
FLAVOR_UNIVERSAL,basil,3027
FLAVOR_UNIVERSAL,bavarian,99
FLAVOR_UNIVERSAL,bay,269
FLAVOR_UNIVERSAL,bayleaf,0
FLAVOR_UNIVERSAL,bbq,4785
FLAVOR_UNIVERSAL,bbqsauce,5
FLAVOR_UNIVERSAL,beech,13
FLAVOR_UNIVERSAL,berries,916
FLAVOR_UNIVERSAL,berry,6489
FLAVOR_UNIVERSAL,bing,51
FLAVOR_UNIVERSAL,birthday,994
FLAVOR_UNIVERSAL,bittersweet,131
FLAVOR_UNIVERSAL,black,8754
FLAVOR_UNIVERSAL,blackberry,1365
FLAVOR_UNIVERSAL,blackforest,0
FLAVOR_UNIVERSAL,blanco,162
FLAVOR_UNIVERSAL,blood,601
FLAVOR_UNIVERSAL,bloodorange,0
FLAVOR_UNIVERSAL,bloody,333
FLAVOR_UNIVERSAL,bloodymary,1
FLAVOR_UNIVERSAL,blueberry,7172
FLAVOR_UNIVERSAL,blueberrymuffin,0
FLAVOR_UNIVERSAL,bold,618
FLAVOR_UNIVERSAL,bourbon,978
FLAVOR_UNIVERSAL,boysenberry,64
FLAVOR_UNIVERSAL,bran,721
FLAVOR_UNIVERSAL,brew,952
FLAVOR_UNIVERSAL,brewed,388
FLAVOR_UNIVERSAL,bright,101
FLAVOR_UNIVERSAL,brittle,324
FLAVOR_UNIVERSAL,brown,4993
FLAVOR_UNIVERSAL,brownbutter,0
FLAVOR_UNIVERSAL,brownsugar,1
FLAVOR_UNIVERSAL,bubble,504
FLAVOR_UNIVERSAL,bubblegum,72
FLAVOR_UNIVERSAL,buckwheat,153
FLAVOR_UNIVERSAL,buffalo,2200
FLAVOR_UNIVERSAL,buffaloranch,0
FLAVOR_UNIVERSAL,buffalowing,0
FLAVOR_UNIVERSAL,bunny,509
FLAVOR_UNIVERSAL,bunnytracks,0
FLAVOR_UNIVERSAL,butter-toffee,0
FLAVOR_UNIVERSAL,buttermilk,1757
FLAVOR_UNIVERSAL,butternut,760
FLAVOR_UNIVERSAL,butterpecan,0
FLAVOR_UNIVERSAL,butterscotch,472
FLAVOR_UNIVERSAL,butterscotchsauce,0
FLAVOR_UNIVERSAL,buttertoffee,0
FLAVOR_UNIVERSAL,buttery,864
FLAVOR_UNIVERSAL,cacao,1167
FLAVOR_UNIVERSAL,caesar,1263
FLAVOR_UNIVERSAL,caferoyal,0
FLAVOR_UNIVERSAL,cajun,1050
FLAVOR_UNIVERSAL,cakebatter,0
FLAVOR_UNIVERSAL,candied,185
FLAVOR_UNIVERSAL,candycane,9
FLAVOR_UNIVERSAL,candycorn,0
FLAVOR_UNIVERSAL,cantaloupe,90
FLAVOR_UNIVERSAL,caramel,12231
FLAVOR_UNIVERSAL,caramelapple,0
FLAVOR_UNIVERSAL,caramelchocolate,0
FLAVOR_UNIVERSAL,caramelized,493
FLAVOR_UNIVERSAL,caramelsauce,0
FLAVOR_UNIVERSAL,caramelsyrup,0
FLAVOR_UNIVERSAL,caraway,82
FLAVOR_UNIVERSAL,cardamom,125
FLAVOR_UNIVERSAL,caribbean,253
FLAVOR_UNIVERSAL,carrotcake,0
FLAVOR_UNIVERSAL,cashew,1600
FLAVOR_UNIVERSAL,cayenne,371
FLAVOR_UNIVERSAL,chai,648
FLAVOR_UNIVERSAL,charbroiled,38
FLAVOR_UNIVERSAL,charred,28
FLAVOR_UNIVERSAL,cheesy,936
FLAVOR_UNIVERSAL,cherry,11145
FLAVOR_UNIVERSAL,cherry-bourbon,0
FLAVOR_UNIVERSAL,cherrygarcia,0
FLAVOR_UNIVERSAL,cherrywood,71
FLAVOR_UNIVERSAL,chia,1249
FLAVOR_UNIVERSAL,chilipowder,1
FLAVOR_UNIVERSAL,chiliverde,0
FLAVOR_UNIVERSAL,chip,7941
FLAVOR_UNIVERSAL,chipotle,2512
FLAVOR_UNIVERSAL,choco,409
FLAVOR_UNIVERSAL,chocolate,61184
FLAVOR_UNIVERSAL,chocolatecaramel,0
FLAVOR_UNIVERSAL,chocolatechip,1
FLAVOR_UNIVERSAL,chocolatecovered,0
FLAVOR_UNIVERSAL,chocolatemint,0
FLAVOR_UNIVERSAL,chocolatestrawberry,0
FLAVOR_UNIVERSAL,chocolatesyrup,0
FLAVOR_UNIVERSAL,chocolatetoffee,0
FLAVOR_UNIVERSAL,chocolatey,1001
FLAVOR_UNIVERSAL,chocomint,5
FLAVOR_UNIVERSAL,christmas,350
FLAVOR_UNIVERSAL,chunk,1907
FLAVOR_UNIVERSAL,chunky,1910
FLAVOR_UNIVERSAL,chunkymonkey,0
FLAVOR_UNIVERSAL,cilantro,896
FLAVOR_UNIVERSAL,cinnamon,9637
FLAVOR_UNIVERSAL,cinnamonbun,0
FLAVOR_UNIVERSAL,cinnamonroll,0
FLAVOR_UNIVERSAL,cinnamonsugar,0
FLAVOR_UNIVERSAL,citrus,1715
FLAVOR_UNIVERSAL,classic,6555
FLAVOR_UNIVERSAL,clementine,90
FLAVOR_UNIVERSAL,cling,548
FLAVOR_UNIVERSAL,clingstone,7
FLAVOR_UNIVERSAL,clove,46
FLAVOR_UNIVERSAL,cloves,32
FLAVOR_UNIVERSAL,cocoa,3368
FLAVOR_UNIVERSAL,coconut,9182
FLAVOR_UNIVERSAL,colada,341
FLAVOR_UNIVERSAL,cold,1872
FLAVOR_UNIVERSAL,coldbrew,3
FLAVOR_UNIVERSAL,concord,611
FLAVOR_UNIVERSAL,confetti,425
FLAVOR_UNIVERSAL,cookieanddough,0
FLAVOR_UNIVERSAL,cookiedough,1
FLAVOR_UNIVERSAL,cookiesandcream,0
FLAVOR_UNIVERSAL,cookiesncream,0
FLAVOR_UNIVERSAL,coriander,81
FLAVOR_UNIVERSAL,country,1467
FLAVOR_UNIVERSAL,cracked,819
FLAVOR_UNIVERSAL,cracker,955
FLAVOR_UNIVERSAL,cranberry,5024
FLAVOR_UNIVERSAL,creole,340
FLAVOR_UNIVERSAL,crispyrice,0
FLAVOR_UNIVERSAL,crouton,48
FLAVOR_UNIVERSAL,crown,21
FLAVOR_UNIVERSAL,crumble,336
FLAVOR_UNIVERSAL,crunch,3373
FLAVOR_UNIVERSAL,crunchy,3936
FLAVOR_UNIVERSAL,cumin,133
FLAVOR_UNIVERSAL,dark,12832
FLAVOR_UNIVERSAL,darkchocolate,0
FLAVOR_UNIVERSAL,darksweetcherry,0
FLAVOR_UNIVERSAL,deep,340
FLAVOR_UNIVERSAL,deepchocolate,0
FLAVOR_UNIVERSAL,deli,1290
FLAVOR_UNIVERSAL,delicata,2
FLAVOR_UNIVERSAL,delicate,95
FLAVOR_UNIVERSAL,delicious,717
FLAVOR_UNIVERSAL,delight,611
FLAVOR_UNIVERSAL,deluxe,1551
FLAVOR_UNIVERSAL,dijon,588
FLAVOR_UNIVERSAL,dill,2696
FLAVOR_UNIVERSAL,dragonfruit,71
FLAVOR_UNIVERSAL,dynasty,22
FLAVOR_UNIVERSAL,earthy,13
FLAVOR_UNIVERSAL,easter,414
FLAVOR_UNIVERSAL,elderberry,209
FLAVOR_UNIVERSAL,elderflower,82
FLAVOR_UNIVERSAL,emperor,3
FLAVOR_UNIVERSAL,everything,951
FLAVOR_UNIVERSAL,exotic,56
FLAVOR_UNIVERSAL,extraaged,0
FLAVOR_UNIVERSAL,extracrispy,0
FLAVOR_UNIVERSAL,extradark,0
FLAVOR_UNIVERSAL,extrasharp,0
FLAVOR_UNIVERSAL,fall,148
FLAVOR_UNIVERSAL,fancy,877
FLAVOR_UNIVERSAL,farmhouse,176
FLAVOR_UNIVERSAL,fashioned,1476
FLAVOR_UNIVERSAL,favorites,169
FLAVOR_UNIVERSAL,fennel,144
FLAVOR_UNIVERSAL,fire,1180
FLAVOR_UNIVERSAL,fivespice,0
FLAVOR_UNIVERSAL,flame,263
FLAVOR_UNIVERSAL,flavor,4558
FLAVOR_UNIVERSAL,flavored,19751
FLAVOR_UNIVERSAL,flax,844
FLAVOR_UNIVERSAL,flax-meal,0
FLAVOR_UNIVERSAL,flaxseed,257
FLAVOR_UNIVERSAL,floral,21
FLAVOR_UNIVERSAL,fluffer,0
FLAVOR_UNIVERSAL,fluffernutter,0
FLAVOR_UNIVERSAL,forest,557
FLAVOR_UNIVERSAL,fourth,1
FLAVOR_UNIVERSAL,freestone,15
FLAVOR_UNIVERSAL,fresh,3698
FLAVOR_UNIVERSAL,fruit,14808
FLAVOR_UNIVERSAL,fruity,757
FLAVOR_UNIVERSAL,fudge,4389
FLAVOR_UNIVERSAL,fuji,166
FLAVOR_UNIVERSAL,funfetti,70
FLAVOR_UNIVERSAL,gala,111
FLAVOR_UNIVERSAL,garlic,10577
FLAVOR_UNIVERSAL,garlicherb,0
FLAVOR_UNIVERSAL,garlicparmesan,0
FLAVOR_UNIVERSAL,gin,20
FLAVOR_UNIVERSAL,ginger,5073
FLAVOR_UNIVERSAL,gingerbread,950
FLAVOR_UNIVERSAL,gingerbreadhouse,0
FLAVOR_UNIVERSAL,gingersnap,35
FLAVOR_UNIVERSAL,glazed,1196
FLAVOR_UNIVERSAL,goji,242
FLAVOR_UNIVERSAL,gold,1206
FLAVOR_UNIVERSAL,golden,2449
FLAVOR_UNIVERSAL,gourmet,3660
FLAVOR_UNIVERSAL,graham,1160
FLAVOR_UNIVERSAL,grahamcracker,0
FLAVOR_UNIVERSAL,granny,102
FLAVOR_UNIVERSAL,grannysmith,0
FLAVOR_UNIVERSAL,grape,5141
FLAVOR_UNIVERSAL,grapefruit,1410
FLAVOR_UNIVERSAL,greek,4047
FLAVOR_UNIVERSAL,green,9667
FLAVOR_UNIVERSAL,guacasalsa,4
FLAVOR_UNIVERSAL,guajillo,47
FLAVOR_UNIVERSAL,guava,838
FLAVOR_UNIVERSAL,habanero,1341
FLAVOR_UNIVERSAL,halfbaked,0
FLAVOR_UNIVERSAL,halloween,349
FLAVOR_UNIVERSAL,hatch,542
FLAVOR_UNIVERSAL,hawaiian,754
FLAVOR_UNIVERSAL,hazelnut,2237
FLAVOR_UNIVERSAL,hearty,621
FLAVOR_UNIVERSAL,hemp,482
FLAVOR_UNIVERSAL,herbed,70
FLAVOR_UNIVERSAL,herblemon,0
FLAVOR_UNIVERSAL,herby,16
FLAVOR_UNIVERSAL,hibiscus,536
FLAVOR_UNIVERSAL,hickory,1819
FLAVOR_UNIVERSAL,hint,322
FLAVOR_UNIVERSAL,hoisin,82
FLAVOR_UNIVERSAL,holiday,1214
FLAVOR_UNIVERSAL,homestyle,2422
FLAVOR_UNIVERSAL,honey,12262
FLAVOR_UNIVERSAL,honeybarbecue,0
FLAVOR_UNIVERSAL,honeybbq,0
FLAVOR_UNIVERSAL,honeycomb,43
FLAVOR_UNIVERSAL,honeycrisp,185
FLAVOR_UNIVERSAL,honeydew,50
FLAVOR_UNIVERSAL,honeylemon,0
FLAVOR_UNIVERSAL,honeylime,0
FLAVOR_UNIVERSAL,honeymustard,0
FLAVOR_UNIVERSAL,honeynut,1
FLAVOR_UNIVERSAL,honeyroasted,0
FLAVOR_UNIVERSAL,honeyteriyaki,1
FLAVOR_UNIVERSAL,horchata,118
FLAVOR_UNIVERSAL,horseradish,675
FLAVOR_UNIVERSAL,hot,11098
FLAVOR_UNIVERSAL,hotandsour,0
FLAVOR_UNIVERSAL,hotandspicy,0
FLAVOR_UNIVERSAL,hotchocolate,0
FLAVOR_UNIVERSAL,hotcocoa,4
FLAVOR_UNIVERSAL,hotfudge,0
FLAVOR_UNIVERSAL,hotnspicy,0
FLAVOR_UNIVERSAL,hubbard,0
FLAVOR_UNIVERSAL,icedchocolate,0
FLAVOR_UNIVERSAL,imperial,45
FLAVOR_UNIVERSAL,indulgence,32
FLAVOR_UNIVERSAL,infused,875
FLAVOR_UNIVERSAL,island,691
FLAVOR_UNIVERSAL,italian,8130
FLAVOR_UNIVERSAL,italianseasoning,0
FLAVOR_UNIVERSAL,jalapeno,4723
FLAVOR_UNIVERSAL,jalapeño,0
FLAVOR_UNIVERSAL,jerk,286
FLAVOR_UNIVERSAL,juicy,318
FLAVOR_UNIVERSAL,july,60
FLAVOR_UNIVERSAL,kabocha,3
FLAVOR_UNIVERSAL,ketchup,935
FLAVOR_UNIVERSAL,key,1158
FLAVOR_UNIVERSAL,keylime,12
FLAVOR_UNIVERSAL,king,284
FLAVOR_UNIVERSAL,lavender,316
FLAVOR_UNIVERSAL,legendary,65
FLAVOR_UNIVERSAL,lemon,12029
FLAVOR_UNIVERSAL,lemonherb,1
FLAVOR_UNIVERSAL,lemonpepper,0
FLAVOR_UNIVERSAL,licorice,465
FLAVOR_UNIVERSAL,lightlysweetened,0
FLAVOR_UNIVERSAL,lime,7715
FLAVOR_UNIVERSAL,loaded,516
FLAVOR_UNIVERSAL,macadamia,674
FLAVOR_UNIVERSAL,malt,279
FLAVOR_UNIVERSAL,malta,20
FLAVOR_UNIVERSAL,maltedmilk,0
FLAVOR_UNIVERSAL,malty,2
FLAVOR_UNIVERSAL,mandarin,817
FLAVOR_UNIVERSAL,mango,6898
FLAVOR_UNIVERSAL,mangosalsa,0
FLAVOR_UNIVERSAL,maple,4234
FLAVOR_UNIVERSAL,maple-bacon,0
FLAVOR_UNIVERSAL,maplebacon,0
FLAVOR_UNIVERSAL,maplebrown,0
FLAVOR_UNIVERSAL,maplebrownsugar,0
FLAVOR_UNIVERSAL,mapleleaf,0
FLAVOR_UNIVERSAL,maplesyrup,0
FLAVOR_UNIVERSAL,maplewalnut,0
FLAVOR_UNIVERSAL,maplewhiskey,0
FLAVOR_UNIVERSAL,maraschino,300
FLAVOR_UNIVERSAL,marbled,68
FLAVOR_UNIVERSAL,margarita,379
FLAVOR_UNIVERSAL,marinara,1440
FLAVOR_UNIVERSAL,mary,351
FLAVOR_UNIVERSAL,masala,550
FLAVOR_UNIVERSAL,matcha,569
FLAVOR_UNIVERSAL,maxsize,0
FLAVOR_UNIVERSAL,mayo,260
FLAVOR_UNIVERSAL,mcintosh,21
FLAVOR_UNIVERSAL,mediterranean,1098
FLAVOR_UNIVERSAL,medium,4122
FLAVOR_UNIVERSAL,mega,281
FLAVOR_UNIVERSAL,mellow,86
FLAVOR_UNIVERSAL,melon,422
FLAVOR_UNIVERSAL,mesquite,615
FLAVOR_UNIVERSAL,mexican,2058
FLAVOR_UNIVERSAL,mild,6252
FLAVOR_UNIVERSAL,milk,21806
FLAVOR_UNIVERSAL,milkchocolate,3
FLAVOR_UNIVERSAL,millet,107
FLAVOR_UNIVERSAL,mint,3936
FLAVOR_UNIVERSAL,mintchip,0
FLAVOR_UNIVERSAL,mintchoco,0
FLAVOR_UNIVERSAL,mintchocolate,0
FLAVOR_UNIVERSAL,mintchocolatechip,2
FLAVOR_UNIVERSAL,mintsandwich,0
FLAVOR_UNIVERSAL,minty,56
FLAVOR_UNIVERSAL,miso,398
FLAVOR_UNIVERSAL,mocha,1478
FLAVOR_UNIVERSAL,mojito,112
FLAVOR_UNIVERSAL,molasses,272
FLAVOR_UNIVERSAL,montreal,66
FLAVOR_UNIVERSAL,montrealsteak,0
FLAVOR_UNIVERSAL,moose,457
FLAVOR_UNIVERSAL,moosetracks,0
FLAVOR_UNIVERSAL,mores,965
FLAVOR_UNIVERSAL,mountain,737
FLAVOR_UNIVERSAL,multigrain,1257
FLAVOR_UNIVERSAL,mustard,2587
FLAVOR_UNIVERSAL,nacho,1084
FLAVOR_UNIVERSAL,nashville-hot,0
FLAVOR_UNIVERSAL,nashvillehot,0
FLAVOR_UNIVERSAL,neapolitan,481
FLAVOR_UNIVERSAL,negro,12
FLAVOR_UNIVERSAL,nigella,4
FLAVOR_UNIVERSAL,nougat,583
FLAVOR_UNIVERSAL,nut,4235
FLAVOR_UNIVERSAL,nutella,14
FLAVOR_UNIVERSAL,nutmeg,64
FLAVOR_UNIVERSAL,nutter,42
FLAVOR_UNIVERSAL,nutty,421
FLAVOR_UNIVERSAL,nyc,0
FLAVOR_UNIVERSAL,oak,57
FLAVOR_UNIVERSAL,oaky,2
FLAVOR_UNIVERSAL,oat,5172
FLAVOR_UNIVERSAL,oat-bran,0
FLAVOR_UNIVERSAL,oatmealraisin,1
FLAVOR_UNIVERSAL,oats,2172
FLAVOR_UNIVERSAL,old,2097
FLAVOR_UNIVERSAL,oldbay,0
FLAVOR_UNIVERSAL,oldfashioned,2
FLAVOR_UNIVERSAL,onion,4900
FLAVOR_UNIVERSAL,orange,11795
FLAVOR_UNIVERSAL,oregano,308
FLAVOR_UNIVERSAL,oreo,475
FLAVOR_UNIVERSAL,oreocheesecake,0
FLAVOR_UNIVERSAL,oreocrunch,0
FLAVOR_UNIVERSAL,original,19976
FLAVOR_UNIVERSAL,papaya,260
FLAVOR_UNIVERSAL,paprika,199
FLAVOR_UNIVERSAL,parsley,323
FLAVOR_UNIVERSAL,party,795
FLAVOR_UNIVERSAL,passion,930
FLAVOR_UNIVERSAL,passionfruit,278
FLAVOR_UNIVERSAL,patrick,17
FLAVOR_UNIVERSAL,patriotic,108
FLAVOR_UNIVERSAL,pbj,0
FLAVOR_UNIVERSAL,peach,5451
FLAVOR_UNIVERSAL,peachesncream,0
FLAVOR_UNIVERSAL,peanut,13157
FLAVOR_UNIVERSAL,peanutbrittle,0
FLAVOR_UNIVERSAL,peanutbutter,0
FLAVOR_UNIVERSAL,peanutbutterchocolate,0
FLAVOR_UNIVERSAL,peanutbuttercup,0
FLAVOR_UNIVERSAL,peanutbuttercups,0
FLAVOR_UNIVERSAL,peanutbutterhoney,0
FLAVOR_UNIVERSAL,peanutbutterjelly,0
FLAVOR_UNIVERSAL,pecan,3047
FLAVOR_UNIVERSAL,peel,285
FLAVOR_UNIVERSAL,pepper,8268
FLAVOR_UNIVERSAL,peppercorn,364
FLAVOR_UNIVERSAL,peppered,509
FLAVOR_UNIVERSAL,peppermint,3440
FLAVOR_UNIVERSAL,peppermintbark,0
FLAVOR_UNIVERSAL,peppery,30
FLAVOR_UNIVERSAL,pesto,1082
FLAVOR_UNIVERSAL,phish,8
FLAVOR_UNIVERSAL,phishfood,0
FLAVOR_UNIVERSAL,pina,321
FLAVOR_UNIVERSAL,pinacolada,0
FLAVOR_UNIVERSAL,pineapple,5988
FLAVOR_UNIVERSAL,pinot,28
FLAVOR_UNIVERSAL,pinya,0
FLAVOR_UNIVERSAL,pistachio,710
FLAVOR_UNIVERSAL,plain,2463
FLAVOR_UNIVERSAL,plum,470
FLAVOR_UNIVERSAL,poblano,285
FLAVOR_UNIVERSAL,pomegranate,2137
FLAVOR_UNIVERSAL,ponzu,46
FLAVOR_UNIVERSAL,poppy,403
FLAVOR_UNIVERSAL,poppyseed,151
FLAVOR_UNIVERSAL,premium,8682
FLAVOR_UNIVERSAL,prince,35
FLAVOR_UNIVERSAL,pumpkin,4573
FLAVOR_UNIVERSAL,pumpkinpie,0
FLAVOR_UNIVERSAL,pumpkinseed,3
FLAVOR_UNIVERSAL,pumpkinspice,4
FLAVOR_UNIVERSAL,queen,218
FLAVOR_UNIVERSAL,queso,1346
FLAVOR_UNIVERSAL,quinoa,1822
FLAVOR_UNIVERSAL,rainbow,1101
FLAVOR_UNIVERSAL,rainier,10
FLAVOR_UNIVERSAL,ranch,4006
FLAVOR_UNIVERSAL,ranchbuffalo,0
FLAVOR_UNIVERSAL,ranchstyle,0
FLAVOR_UNIVERSAL,raspberry,8986
FLAVOR_UNIVERSAL,red,10506
FLAVOR_UNIVERSAL,redvelvet,0
FLAVOR_UNIVERSAL,ribbon,183
FLAVOR_UNIVERSAL,rich,2129
FLAVOR_UNIVERSAL,ripple,244
FLAVOR_UNIVERSAL,road,282
FLAVOR_UNIVERSAL,roasted,15078
FLAVOR_UNIVERSAL,robust,157
FLAVOR_UNIVERSAL,rocky,334
FLAVOR_UNIVERSAL,roja,98
FLAVOR_UNIVERSAL,rose,485
FLAVOR_UNIVERSAL,rosemary,1108
FLAVOR_UNIVERSAL,rosewater,1
FLAVOR_UNIVERSAL,royal,136
FLAVOR_UNIVERSAL,ruby,387
FLAVOR_UNIVERSAL,rum,197
FLAVOR_UNIVERSAL,rumraisin,0
FLAVOR_UNIVERSAL,russet,188
FLAVOR_UNIVERSAL,rustic,322
FLAVOR_UNIVERSAL,rye,535
FLAVOR_UNIVERSAL,ryebread,0
FLAVOR_UNIVERSAL,saffron,99
FLAVOR_UNIVERSAL,sage,228
FLAVOR_UNIVERSAL,sailing,0
FLAVOR_UNIVERSAL,saint,6
FLAVOR_UNIVERSAL,salsaverde,0
FLAVOR_UNIVERSAL,salt-and-pepper,0
FLAVOR_UNIVERSAL,salt-pepper,0
FLAVOR_UNIVERSAL,saltandvinegar,0
FLAVOR_UNIVERSAL,saltedcaramel,0
FLAVOR_UNIVERSAL,saltnvinegar,0
FLAVOR_UNIVERSAL,salty,1118
FLAVOR_UNIVERSAL,sangria,68
FLAVOR_UNIVERSAL,savory,1537
FLAVOR_UNIVERSAL,sea,9448
FLAVOR_UNIVERSAL,sea-salt-caramel,0
FLAVOR_UNIVERSAL,seasalt,0
FLAVOR_UNIVERSAL,seasaltcaramel,0
FLAVOR_UNIVERSAL,seasoned,4625
FLAVOR_UNIVERSAL,seckel,0
FLAVOR_UNIVERSAL,semisweet,81
FLAVOR_UNIVERSAL,sesame,2681
FLAVOR_UNIVERSAL,sharp,2805
FLAVOR_UNIVERSAL,silver,100
FLAVOR_UNIVERSAL,sloppy,200
FLAVOR_UNIVERSAL,smith,114
FLAVOR_UNIVERSAL,smoked,7888
FLAVOR_UNIVERSAL,smoky,969
FLAVOR_UNIVERSAL,smokypaprika,0
FLAVOR_UNIVERSAL,smores,39
FLAVOR_UNIVERSAL,sour,5855
FLAVOR_UNIVERSAL,sourcream,0
FLAVOR_UNIVERSAL,sourcreamandonion,0
FLAVOR_UNIVERSAL,sourcreamnonion,0
FLAVOR_UNIVERSAL,sourdough,874
FLAVOR_UNIVERSAL,southern,1017
FLAVOR_UNIVERSAL,southwest,791
FLAVOR_UNIVERSAL,southwestern,323
FLAVOR_UNIVERSAL,soy,1468
FLAVOR_UNIVERSAL,spaghetti-squash,0
FLAVOR_UNIVERSAL,spearmint,496
FLAVOR_UNIVERSAL,spelt,148
FLAVOR_UNIVERSAL,spice,2990
FLAVOR_UNIVERSAL,spiced,833
FLAVOR_UNIVERSAL,spicedrum,0
FLAVOR_UNIVERSAL,spicy,7535
FLAVOR_UNIVERSAL,splash,332
FLAVOR_UNIVERSAL,splurge,4
FLAVOR_UNIVERSAL,spring,1816
FLAVOR_UNIVERSAL,sprouted,647
FLAVOR_UNIVERSAL,spumoni,38
FLAVOR_UNIVERSAL,sriracha,1233
FLAVOR_UNIVERSAL,strawberriesandcream,0
FLAVOR_UNIVERSAL,strawberriesncream,0
FLAVOR_UNIVERSAL,strawberry,18371
FLAVOR_UNIVERSAL,strawberrycheesecake,0
FLAVOR_UNIVERSAL,strawberrychocolate,0
FLAVOR_UNIVERSAL,strawberrylemonade,0
FLAVOR_UNIVERSAL,streusel,243
FLAVOR_UNIVERSAL,sugarcoated,2
FLAVOR_UNIVERSAL,sugarcookie,0
FLAVOR_UNIVERSAL,sumac,4
FLAVOR_UNIVERSAL,summer,663
FLAVOR_UNIVERSAL,sunflower,1570
FLAVOR_UNIVERSAL,super,1696
FLAVOR_UNIVERSAL,sweet,15805
FLAVOR_UNIVERSAL,sweetheat,0
FLAVOR_UNIVERSAL,sweetnsavory,0
FLAVOR_UNIVERSAL,sweetnsmoky,0
FLAVOR_UNIVERSAL,sweetnsour,0
FLAVOR_UNIVERSAL,sweetnspicy,0
FLAVOR_UNIVERSAL,sweetpotato,5
FLAVOR_UNIVERSAL,sweetpotatopie,0
FLAVOR_UNIVERSAL,swirl,2030
FLAVOR_UNIVERSAL,swissmiss,0
FLAVOR_UNIVERSAL,tabasco,59
FLAVOR_UNIVERSAL,tamari,158
FLAVOR_UNIVERSAL,tangerine,682
FLAVOR_UNIVERSAL,tangy,1022
FLAVOR_UNIVERSAL,tart,720
FLAVOR_UNIVERSAL,tequila,128
FLAVOR_UNIVERSAL,teriyaki,2077
FLAVOR_UNIVERSAL,texas,727
FLAVOR_UNIVERSAL,thousand,252
FLAVOR_UNIVERSAL,thousandisland,0
FLAVOR_UNIVERSAL,thyme,225
FLAVOR_UNIVERSAL,tikka,300
FLAVOR_UNIVERSAL,toasted,2347
FLAVOR_UNIVERSAL,toastedoats,0
FLAVOR_UNIVERSAL,toffee,1655
FLAVOR_UNIVERSAL,tracks,502
FLAVOR_UNIVERSAL,treat,376
FLAVOR_UNIVERSAL,tropical,2601
FLAVOR_UNIVERSAL,truffle,1557
FLAVOR_UNIVERSAL,turmeric,927
FLAVOR_UNIVERSAL,twist,635
FLAVOR_UNIVERSAL,twisted,194
FLAVOR_UNIVERSAL,ultimate,497
FLAVOR_UNIVERSAL,umami,65
FLAVOR_UNIVERSAL,unicorn,243
FLAVOR_UNIVERSAL,valentine,501
FLAVOR_UNIVERSAL,vanilla,18617
FLAVOR_UNIVERSAL,velvet,737
FLAVOR_UNIVERSAL,verde,609
FLAVOR_UNIVERSAL,verdesalsa,0
FLAVOR_UNIVERSAL,village,83
FLAVOR_UNIVERSAL,vinaigrette,1376
FLAVOR_UNIVERSAL,vodka,337
FLAVOR_UNIVERSAL,walnut,1144
FLAVOR_UNIVERSAL,wasabi,563
FLAVOR_UNIVERSAL,watermelon,3434
FLAVOR_UNIVERSAL,wheat-bran,0
FLAVOR_UNIVERSAL,whiskey,144
FLAVOR_UNIVERSAL,white,16604
FLAVOR_UNIVERSAL,whitechocolate,0
FLAVOR_UNIVERSAL,whitevanilla,0
FLAVOR_UNIVERSAL,wholegrain,38
FLAVOR_UNIVERSAL,wholewheat,4
FLAVOR_UNIVERSAL,winter,220
FLAVOR_UNIVERSAL,wintergreen,195
FLAVOR_UNIVERSAL,woodfired,12
FLAVOR_UNIVERSAL,woodsy,1
FLAVOR_UNIVERSAL,worcestershire,159
FLAVOR_UNIVERSAL,yam,48
FLAVOR_UNIVERSAL,yogurtcovered,0
FLAVOR_UNIVERSAL,yukon,51
FLAVOR_UNIVERSAL,za,60
FLAVOR_UNIVERSAL,zaatar,5
FLAVOR_UNIVERSAL,zest,156
FLAVOR_UNIVERSAL,zesty,1269
FLAVOR_UNIVERSAL,zucchinibread,0
